Country,Province/State (if applicable),English name,FEATURES FOR REVERSE INDEX,Short Bilingual name ( Button Box name),Full Bilingual name,Japanese Title,Type,City (if applicable and lots of instances),Video file name (all mp4),Notes,Upload date,Source,
Austria,,Austria,Austria,Austria / L'Autriche,"Images, Austria / Images de l'Autriche",,Images,,AT - AUSTRIA IMAGES,,04/05/2022,David - Flickr Creative Commons,
Canada,Alberta,Banff,"Canada, Alberta, Banff, Rockies, Rocky Mountains, nature, trees, town, streets, bicycles, summer",Banff,"Banff, Alberta",,Walk,Banff,CA - AB - BANFF ALBERTA,,22/11/2023,Alyssa,
Canada,Alberta,Lake Louise,"Canada, Alberta, Lake Louise, Lake, mountains, Rockies, Rocky Mountains, nature, hike, trees, forests, summer",Lake Louise,"Lake Louise, Alberta",,Walk,,CA - AB - LAKE LOUISE,,22/11/2023,Alyssa,
Canada,Alberta,Moraine Lake,"Canada, Alberta, Moraine Lake, mountains, Rockies, Rocky Mountains, nature, hike, trees, forests, canoes, summer",Moraine Lake,"Moraine Lake, Alberta",,Walk,,CA - AB - MORAINE LAKE,,22/11/2023,Alyssa,
Canada,Alberta,Tunnel Mountain Trail,"Canada, Alberta, Tunnel Mountain, Rockies, Rocky Mountains, nature, trees, forest, trail, hike, summer",Tunnel Mountain Trail,"Tunnel Mountain Trail, Banff, Alberta",,Walk,,CA - AB - TUNNEL MOUNTAIN TRAIL,,22/11/2023,Alyssa,
Canada,All/Mixed,"Eastern Canada, Montreal & Toronto","Canada, Atlantic, Montreal, Toronto",Eastern Canada / L'Est du Canada,"Atlantic Canada, and also / et aussi, Montreal & Toronto",,Images,,CA - EASTERN CANADA IMAGES,,04/05/2022,Juhie sourced photos & video & Flickr Creative Commons,
Canada,All/Mixed,Hiking Trails,"Canada, Nature, Hiking trails",Trails / Sentiers,Hiking Trails / Sentiers de randonnée,,Images,,CA - HIKING TRAILS,,04/05/2022,Juhie's Brother's photos & Flickr Creative Commons,
Canada,BC,Granville Island,"Canada, B.C., Vancouver, Granville Island, Waterfront, pier, boardwalk, marina, boats, summer",Granville Island,"Granville Island, Vancouver, British Columbia / L'île Granville, Vancouver, la Colombie-Britannique",,Walk,Vancouver,CA - BC - GRANVILLE ISLAND,29,04/05/2022,Isaac,
Canada,BC,Stanley Park 1,"Canada, B.C., Vancouver, Stanley Park, walk, trail, bicycles, trees",Stanley Park 1,"Stanley Park 1, Vancouver, British Columbia / le parc Stanley n.1, Vancouver, Columbie-Britannique",,Walk,Vancouver,CA - BC - STANLEY PARK 1,12,04/05/2022,Isaac,
Canada,BC,Stanley Park 2,"Canada, B.C., Vancouver, Stanley Park, walk, trail, bicycles, trees",Stanley Park 2,"Stanley Park 2, Vancouver, British Columbia / le parc Stanley n.2, Vancouver, Columbie-Britannique",,Walk,Vancouver,CA - BC - STANLEY PARK 2,13,04/05/2022,Isaac,
Canada,BC,UBC Vancouver,"Canada, B.C., Vancouver, UBC, University of British Columbia, Park, walk, gardens, roses, trees, campus, summer",UBC Vancouver,"UBC Vancouver,  British Columbia /Colombie-Britannique",,Walk,Vancouver,CA - BC - UBC VANCOUVER ,,22/09/2022,YiFei,
Canada,BC,Vancouver 1,"Canada, B.C., Vancouver, Park, walk, trail, bicycles, trees, waterfront, summer, boats",Vancouver 1,"Vancouver 1, British Columbia / Vancouver n.1, Colombie-Britannique",,Walk,Vancouver,CA - BC - VANCOUVER 1,30,04/05/2022,Isaac,
Canada,BC,Vancouver 2,"Canada, B.C., Vancouver, Park, walk, trail, bicycles, trees, waterfront, summer, boats, beach",Vancouver 2,"Vancouver 2, British Columbia / Vancouver n.2, Colombie-Britannique",,Walk,Vancouver,CA - BC - VANCOUVER 2,31,04/05/2022,Isaac,
Canada,BC,Vancouver 3 - Capilano,"Canada, B.C., Vancouver, Capilano Suspension Bridge, Park, walk, trail, forest, rainforest,  trees",Vancouver 3 - Capilano,"Capilano Suspension Bridge Park, British Columbia / Colombie-Britannique",,Walk,Vancouver,CA - BC - VANCOUVER 3 CAPILANO,,12/09/2022,YiFei,
Canada,New Brunswick,Atholville Lunch Stop,"Canada, New Brunswick, Athoville Lunch Stop, highway, drive, summer",Atholville,"Atholville Lunch Stop, New Brunswick / Pause déjeuner à Atholville, Nouveau-Brunswick",,Drive,,CA - NB - ATHOLVILLE LUNCH STOP,,04/05/2022,Mark,
Canada,New Brunswick,Campbellton,"Canada, New Brunswick, Campbellton, highway, drive, summer",Campbellton,"Campbellton, New Brunswick / Campbellton, Nouveau-Brunswick",,Drive,,CA - NB - CAMPBELLTON,,04/05/2022,Mark,
Canada,New Brunswick,Country Inn,"Canada, New Brunswick, Country Inn, Little Shemogue, Little Shemogue Harbour, drone, walk, dirt road,  summer, nature, countryside",Country Inn / Auberge,"Country Inn, New Brunswick / Auberge,  Nouveau-Brunswick",,Walk,,CA - NB - COUNTRY INN,drive/walk/drone,19/09/2022,Mark & Ken,
Canada,New Brunswick,Fredericton 1,"Canada, New Brunswick, Fredericton, spring, Bill Thorpe bridge, Carlton St Armoury, 104th Regiment of Foot Bridge, St John River, Christ Church Cathedral, Carlton St Bridge, Lighthouse restaurant",Fredericton 1,"Fredericton 1, New Brunswick / Fredericton n.1, Nouveau-Brunswick",,Walk,Fredericton,CA - NB - FREDERICTON 1,,19/05/2022,Lisa,
Canada,New Brunswick,Fredericton 2,"Canada, New Brunswick, Fredericton, spring, Cathedral area, houses, architecture, Christ Church Cathedral",Fredericton 2,"Fredericton 2, New Brunswick / Fredericton n.2, Nouveau-Brunswick",,Walk,Fredericton,CA - NB - FREDERICTON 2,,19/05/2022,Lisa,
Canada,New Brunswick,Fredericton 3,"Canada, New Brunswick, Fredericton, Town Plat, spring, houses, architecture",Fredericton 3,"Fredericton 3, New Brunswick / Fredericton n.3, Nouveau-Brunswick",,Walk,Fredericton,CA - NB - FREDERICTON 3,,19/05/2022,Lisa,
Canada,New Brunswick,Fredericton 4,"Canada, New Brunswick, Fredericton, Town Plat, spring, houses, architecture, history",Fredericton 4,"Fredericton 4, New Brunswick / Fredericton n.4, Nouveau-Brunswick",,Walk,Fredericton,CA - NB - FREDERICTON 4,,19/05/2022,Lisa,
Canada,New Brunswick,Fredericton 5,"Canada, New Brunswick, Fredericton, Queen St., spring, Christ Church Cathedral, architecture, history",Fredericton 5,"Fredericton 5, New Brunswick / Fredericton n.5, Nouveau-Brunswick",,Walk,Fredericton,CA - NB - FREDERICTON 5,,19/05/2022,Lisa,
Canada,New Brunswick,Fredericton 6,"Canada, New Brunswick, Fredericton, Queen St., spring, architecture, history",Fredericton 6,"Fredericton 6, New Brunswick / Fredericton n.6, Nouveau-Brunswick",,Walk,Fredericton,CA - NB - FREDERICTON 6,,19/05/2022,Lisa,
Canada,New Brunswick,Fredericton 7,"Canada, New Brunswick, Fredericton, Odell Park spring, nature, trees, paths, walk",Fredericton 7,"Fredericton 7 New Brunswick / Fredericton n.7, Nouveau-Brunswick",,Walk,Fredericton,CA - NB - FREDERICTON 7,,19/05/2022,Lisa,
Canada,New Brunswick,Fredericton 8,"Canada, New Brunswick, Fredericton, Odell Park spring, nature, trees, paths, walk",Fredericton 8,"Fredericton 8, New Brunswick / Fredericton n.8, Nouveau-Brunswick",,Walk,Fredericton,CA - NB - FREDERICTON 8,,19/05/2022,Lisa,
Canada,New Brunswick,Fredericton 9,"Canada, New Brunswick, Fredericton, Northside Trail, nature, trees, paths, walk",Fredericton 9,"Fredericton 9, New Brunswick / Fredericton n.9, Nouveau-Brunswick",,Walk,Fredericton,CA - NB - FREDERICTON 9,,19/05/2022,Lisa,
Canada,New Brunswick,Fredericton to YCC,"Canada, New Brunswick, Fredericton, Drive to York Care Centre",Fredericton - YCC,"Fredericton, to York Care Centre, New Brunswick / Fredericton, au Centre York Care, Nouveau-Brunswick",,Drive,Fredericton,CA - NB - FREDERICTON TO YCC,,04/05/2022,Mark,
Canada,New Brunswick,Into Sackville,"Canada, New Brunswick, Sackville, Drive",Sackville,"Into Sackville, New Brunswick / Entrée à Sackville, Nouveau-Brunswick",,Drive,,CA - NB - INTO SACKVILLE,,04/05/2022,Mark,
Canada,New Brunswick,Kingsbrae Garden 1,"Canada, New Brunswick, St. Andrews-by-the-Sea, Kingsbrae Garden, flowers, drone, walk, garden",Kingsbrae 1,"Kingsbrae Garden 1, New Brunswick / Le Jardin Kingsbrae n.1, Nouveau-Brunswick",,Drone,,CA - NB - KINGSBRAE GARDEN 1,,04/05/2022,Mark,
Canada,New Brunswick,Kingsbrae Garden 2,"Canada, New Brunswick, St. Andrews-by-the-Sea, Kingsbrae Garden, flowers, drone, walk, garden",Kingsbrae 2,"Kingsbrae Garden 2, New Brunswick / Le Jardin Kingsbrae n.2, Nouveau-Brunswick",,Drone,,CA - NB - KINGSBRAE GARDEN 2,,04/05/2022,Mark,
Canada,New Brunswick,La Dune de Bouctouche,"Canada, New Brunswick, La Dune de Bouctouche, Irving Eco-centre, boardwalk, beach, Atlantic Ocean, summer, walk, drone, swimming",La Dune de Bouctouche,"La Dune de Bouctouche, New Brunswick / Nouveau-Brunswick",,Drone,,CA - NB - BOUCTOUCHE,Drone + walk,16/09/2022,Mark & Ken,
Canada,New Brunswick,New Brunswick,"Canada, New Brunswick",Images: N-B,New Brunswick / Nouveau-Brunswick: Images,,Images,,CA - NB - NEW BRUNSWICK IMAGES,,04/05/2022,David - Flickr Creative Commons,
Canada,New Brunswick,North Near Edmundston,"Canada, New Brunswick, Quebec, Edmundston, highway, drive, countryside",Edmundston Hwy / Autoroute,"Into Quebec, near Edmundston, New Brunswick / Entrée au Québec, nord d'Edmundston, Nouveau-Brunswick",,Drive,,CA - NB - NEAR EDMUNDSTON TO QUEBEC,,04/05/2022,Mark,
Canada,New Brunswick,Provincial Border near Campbellton,"Canada, New Brunswick, Campbellton, highway, drive, countryside, summer","Border, N.B./ Frontière, N.-B.","Provincial Border near Campbellton, New Brunswick / La frontière proviciale près de Campbellton, Nouveau-Brunswick",,Drive,,CA - NB - PROVINCIAL BORDER CAMPBELLTON,,04/05/2022,Mark,
Canada,New Brunswick,South toward Moncton,"Canada, New Brunswick, Moncton, highway, drive, countryside, summer",To Moncton / À Moncton,"South toward Moncton, New Brunswick / Au sud vers Moncton, New Brunswick",,Drive,,CA - NB - SOUTH TOWARD MONCTON,,04/05/2022,Mark,
Canada,New Brunswick,St. Andrews Drive,"Canada, New Brunswick, St. Andrews-by-the-Sea, drive, summer, waterfront",St Andrews,"St Andrews Drive, New Brunswick / St Andrews en auto, Nouveau-Brunswick",New Brunswick,Drive,"Canada, New Brunswick, St. Andrews-by-the-Sea, drive, summer, waterfront",CA - NB - ST ANDREWS DRIVE,,04/05/2022,Mark,
Canada,New Brunswick,St. John Reversing Falls ,"Canada, New Brunswick, St. John, Reversing Falls, Reversing Rapids, Bay of Fundy, drone, drive, summer",Reversing Falls / Chutes Réversibles,"To St John and Reversing Falls, New Brunswick / A Saint Jean et aux Chutes Réversibles, Nouveau-Brunswick",,Drive,,CA - NB - ST JOHN REVERSING FALLS,,04/05/2022,Mark,
Canada,New Brunswick,Through Moncton and South,"Canada, New Brunswick, Moncton, highway, drive","Moncton, south / au sud","Through Moncton and South, New Brunswick / À travers et au sud de Moncton, Nouveau-Brunswick",,Drive,,CA - NB - THROUGH MONCTON AND SOUTH,,04/05/2022,Mark,
Canada,New Brunswick,York Care Centre,York Care Centre,York Care Centre,"York Care Centre / Centre York Care , Fredericton, New Brunswick / Nouveau-Brunswick",,Walk,,CA - NB - YORK CARE CENTRE,This video is just for YCC,,David,
Canada,Nova Scotia,Across the NS Border,"Canada, Nova Scotia, border, highway, drive, countryside, dirt road, farms","Border, N.S./Frontière, N.-É.","Across the border, Nova Scotia / À la frontière, Nouvelle-Écosse ",,Drive,,CA - NS - ACROSS THE BORDER NS,,04/05/2022,Mark,
Canada,Nova Scotia,Cabot Trail 1,"Canada, Nova Scotia, Cape Breton, Cabot Trail, Ingonish, highway, drive, Atlantic Ocean, nature, summer",Cabot Trail 1 / Piste Cabot 1,"Cabot Trail 1, South From Ingonish, Nova Scotia / Piste Cabot n.1, Au sud d'Ingonish, Nouvelle-Écosse",,Drive,,CA - NS - CABOT TRAIL 1,,04/05/2022,Mark,
Canada,Nova Scotia,Cabot Trail 2,"Canada, Nova Scotia, Cape Breton, highway, drive, Atlantic Ocean, nature, summer",Cabot Trail 2 / Piste Cabot 2,"Cabot Trail 2, Northbound to Keltic Lodge, Nova Scotia / Piste Cabot n.2, Au nord à Keltic Lodge, Nouvelle-Écosse",,Drive,,CA - NS - CABOT TRAIL 2,,04/05/2022,Mark,
Canada,Nova Scotia,Canso Causeway,"Canada, Nova Scotia, Canso Causeway, summer, drive, countryside",Canso Causeway / Chausée Canso,"Canso Causeway, Nova Scotia / La Chaussée de Canso, Nouvelle-Écosse",,Drive,,CA - NS - CANSO CAUSEWAY,,04/05/2022,Mark,
Canada,Nova Scotia,Cape Breton Highlands,"Canada, Nova Scotia, Cape Breton Highlands National Park, summer, drive, Atlantic Ocean, nature, mountains",Cape Breton / Cap Breton,"Cape Breton Highlands National Park , Nova Scotia / Parc National des Hautes-Terres-du-Cap-Breton, Nouvelle-Écosse",,Drive,,CA - NS - CAPE BRETON HIGHLANDS NP,,04/05/2022,Mark,
Canada,Nova Scotia,Dartmouth,"Canada, Nova Scotia, Harbour, Atlantic Ocean, Coast, shore, boardwalk, summer, ships, boats, trains, park",Dartmouth N.S. / N-É.,"Dartmouth,  Nova Scotia / Dartmouth, Nouvelle-Écosse",,Walk,,,WALK + DRONE,10/04/2024,Mark & Ken,
Canada,Nova Scotia,Glace Bay Museums,"Canada, Nova Scotia, Glace Bay, Marconi Museum, Miners' Museum, Atlantic Ocean, Coast, shore, drone, summer",Glace Bay,"Glace Bay, Marconi Museum and Miners' Museum, Nova Scotia / Glace Bay, Musée Marconi et Musée des Miniers, Nouvelle-Écosse",,Drive,,CA - NS - GLACE BAY MUSEUMS,,04/05/2022,Mark,
Canada,Nova Scotia,Hwy 30 towards Cheticamp,"Canada, Nova Scotia, Highway 30, Cheticamp, countryside, Gulf of St Lawrence, summer",Hwy/Route 30 Chéticamp,"Highway 30 North toward Chéticamp, Nova Scotia / Route 30 Nord vers Chéticamp, Nouvelle-Écosse",,Drive,,CA - NS - HWY 30 TOWARD CHETICAMP,,04/05/2022,Mark,
Canada,Nova Scotia,Into Truro,"Canada, Nova Scotia, Truro, countryside, drive ",Into / Entrée à Truro,"Into Truro, Nova Scotia / Entrée à Truro, Nouvelle-Écosse",,Drive,,CA - NS - INTO TRURO,,04/05/2022,Mark,
Canada,Nova Scotia,Middlehead Trail,"Canada, Nova Scotia, Cape Breton National Park, trail, walk, hike, summer, Atlantic Ocean, nature,",Piste Middlehead Trail,"Middlehead Trail near Ingonish, Nova Scotia / Le Sentier Middlehead près d' Ingonish, Nouvelle-Écosse",,Walk,,CA - NS - MIDDLEHEAD TRAIL,,04/05/2022,Mark,
Canada,Nova Scotia,"North Central Trans-Canada Highway, NS","Canada, Nova Scotia, Trans-Canada Highway, countryside, drive ",Highway N.S. / Autoroute N.-É.,"North Central Trans Canada Highway, Nova Scotia / Autoroute transcanadienne au centre nord, Nouvelle-Écosse",,Drive,,CA - NS - NORTH CENTRAL TRANS-CANADA,,04/05/2022,Mark,
Canada,Nova Scotia,Past Beddeck,"Canada, Nova Scotia, Highway 105, Baddeck, countryside, drive, Bras D'or Lake",Baddeck: North of / au nord de,"Past Baddeck, Northbound, Nova Scotia / Au nord de Baddeck, Nouvelle-Écosse",,Drive,,CA - NS - PAST BADDECK NORTHBOUND,,04/05/2022,Mark,
Canada,Nova Scotia,Seal Island Bridge,"Canada, Nova Scotia, Highway 105, Seal Island Bridge, countryside, drive, drone",Pont / Seal Island / Bridge ,"North across Seal Island Bridge, Nova Scotia / Au nord sur le pont Seal Island, Nouvelle-Écosse",,Drive,,CA - NS - SEAL ISLAND BRIDGE,,04/05/2022,Mark,
Canada,Nova Scotia,Skyline Trail,"Canada, Nova Scotia, Skyline Trail, Cape Breton Highlands National Park, hike, nature, forest, drone",Skyline Trail / Sentier Skyline,"Skyline Trail, Cape Breton Highlands National Park, Nova Scotia / Le Sentier Skyline, Parc National des Hautes-Terres-du-Cap-Breton, Nouvelle-Écosse",,Walk,,CA - NS - SKYLINE TRAIL,,04/05/2022,Mark,
Canada,Nova Scotia,Sydney to Glace Bay,"Canada, Nova Scotia, Sydney, drive, summer, countryside",Sydney - Glace Bay,"Sydney to Glace Bay, Nova Scotia / De Sydney à Glace Bay, Nouvelle-Écosse",,Drive,,CA - NS - SYDNEY TO GLACE BAY,,04/05/2022,Mark,
Canada,Nova Scotia,To Baddeck and the Bell Museum,"Canada, Nova Scotia, Highway 105, Baddeck, countryside, drive, Bras D'or Lake",Bell Museum / Musée Bell,"To Baddeck and the Bell Museum, Nova Scotia / À Baddeck et au Musée Bell, Nouvelle-Écosse",,Drive,,CA - NS - TO BADDECK & BELL MUSEUM,,04/05/2022,Mark,
Canada,Nova Scotia,Toward Margaree,"Canada, Nova Scotia, Margaree, Highway 30, countryside, drive",Cabot Trail à/to Margaree,"To Margaree on the Cabot Trail, Nova Scotia / À Margaree sur le Sentier Cabot, Nouvelle-Écosse",,Drive,,CA - NS - TOWARD MARGAREE,,04/05/2022,Mark,
Canada,Nova Scotia,Toward Truro,"Canada, Nova Scotia, Highway 4, countryside, drive ",Towards / Vers Truro,"Toward Truro, Nova Scotia / Du coté de Truro, Nouvelle-Écosse",,Drive,,CA - NS - TOWARD TRURO,,04/05/2022,Mark,
Canada,Nova Scotia,Uisge Ban Falls Trail,"Canada, Nova Scotia, forest, hike, trail, nature, trees",Uisge Ban Falls,"Uisge Ban Falls Trail, Nova Scotia / Balade aux Uisge Ban Falls, Nouvelle-Écosse",,Walk,,CA - NS - UISGE BAN FALLS TRAIL,,04/05/2022,Mark,
Canada,Nova Scotia,Whycocomagh Bay,"Canada, Nova Scotia, Highway 105, Whycocomagh Bay, countryside, drive, Bras D'or Lake",Whycocomagh ,"Along Whycocomagh Bay, Nova Scotia / Le long de la Baie Whycocomagh, Nouvelle-Écosse",,Drive,,CA - NS - WHYCOCOMAGH BAY,,04/05/2022,Mark,
Canada,ON & NB,Highway Rock Cuts,"Canada, New Brunswick, Ontario, Highways, Rocks",Canada: Highways / Autoroutes,"Highways, Rocks and Trees, Autoroutes, Rochers et Arbres",,Drive,,CA - ONNB - HIGHWAYS ROCKS & TREES,,04/05/2022,David,
Canada,Ontario,3 Crazy Houses,"Canada, Ontario, Art, sculpture, decoration, houses",Crazy Houses / Maisons Folles,"3 Crazy Houses / 3 Maisons Folles, Ontario",,Walk,,,,07/07/2023,David,
Canada,Ontario,Abbey Gardens,"Canada, Ontario, Haliburton, Garden, farm, flowers, pond, summer",Abbey Gardens,"Abbey Gardens, Haliburton, Ontario",,Walk,,CA - ON - ABBEY GARDENS,,23/11/2023,David,
Canada,Ontario,After a Blizzard 1,"Canada, Ontario, Toronto, Snow, winter, city streets","Snow / La neige 1, Toronto","After a Blizzard 1, Toronto / Après une têmpete n.1, Toronto",,Walk,Toronto,CA - ON - TO - AFTER A BLIZZARD 1,,04/05/2022,David,
Canada,Ontario,After a Blizzard 2,"Canada, Ontario, Toronto, Snow, winter, city streets","Snow / La neige 2, Toronto","After a Blizzard 2, Toronto / Après une têmpete n.2, Toronto",,Walk,Toronto,CA - ON - TO - AFTER A BLIZZARD 2,,04/05/2022,David,
Canada,Ontario,Afternoon in Niagara Falls,"Canada, Ontario, Niagara Falls",Niagara Falls,"Afternoon in Niagara Falls, Ontario / Après-midi à Niagara Falls, Ontario",,Walk,Niagara Falls,CA - ON - NIAGARA FALLS,,16/03/2023,David,
Canada,Ontario,Algonquin Drive 1,"Canada, Ontario, Algonquin Park, Drive, trees, nature",Algonquin 1,"Highway 60, Algonquin Provincial Park 1 / Route 60 au Parc Provincial Algonquin n.1, Ontario",,Drive,,CA - ON - ALGONQUIN DRIVE 1,,04/05/2022,Juhie,
Canada,Ontario,Algonquin Drive 2,"Canada, Ontario, Algonquin Park, Drive, trees, nature",Algonquin 2,"Highway 60, Algonquin Provincial Park 2 / Route 60 au Parc Provincial Algonquin n.2, Ontario",,Drive,,CA - ON - ALGONQUIN DRIVE 2,,04/05/2022,Juhie,
Canada,Ontario,Algonquin Drive 3,"Canada, Ontario, Algonquin Park, Drive, trees, nature",Algonquin 3,"Highway 60, Algonquin Provincial Park 3 / Route 60 au Parc Provincial Algonquin n.3, Ontario",,Drive,,CA - ON - ALGONQUIN DRIVE 3,,04/05/2022,Juhie,
Canada,Ontario,Amusement Park North Bay,"Canada, Ontario, North Bay, Amusement Park, carnival, rides, children",Amusement Park / Parc d'attractions,"Amusement Park / Parc d'attractions , North Bay, Ontario",,Walk,North Bay,CA - ON - AMUSEMENT PARK NORTH BAY,,19/09/2022,David,
Canada,Ontario,Arnprior,"Canada, Ontario, Arnprior, walk, small town, main street, trees, nature, Ottawa River, history, architecture, farmers market","Arnprior, Ontario","Arnprior, Ontario",Walk,Walk,Arnprior,CA - ON - ARNPRIOR,,02/08/2022,David,
Canada,Ontario,At the Ballgame,"Canada, Ontario, Toronto,  Sports, baseball, Toronto Bluejays",Baseball Game / Match,"At the Ballgame, Toronto / Au Match de Baseball, Toronto",,Walk,Toronto,CA - ON - TO - AT THE BALLGAME,,09/09/2022,David,
Canada,Ontario,At the Cottage,"Canada, Ontario, cottage, countryside, woods, forest, river, canoe",At the Cottage / Au Chalet,"At the Cottage, Near Arnprior Ontario / Au Chalet, Près d'Arnprior Ontario",,Walk,Toronto,CA - ON - TO - AT THE COTTAGE,,15/09/2022,David,
Canada,Ontario,Autumn Bike Ride,"Canada, Ontario, Toronto, autumn, fall, trees, nature, Bike, residential streets",Toronto by bike/à vélo,"Autumn Bike Ride, Toronto / À vélo en automne, Toronto",,Bike,Toronto,CA - ON - TO - AUTUMN BIKE RIDE,,04/05/2022,David,
Canada,Ontario,Autumn by the Water,"Canada, Ontario, Toronto, autumn, fall, trees, nature, Waterfront, pond, walk",By the water/au bord de l'eau TO,"Autumn by the Water, Toronto / L'automne au bord de l'eau, Toronto",,Bike,Toronto,CA - ON - TO - FALL BY THE WATER,,04/05/2022,David,
Canada,Ontario,Autumn in High Park 1,"Canada, Ontario, Toronto, High Park, autumn, fall, trees, nature",High Park 1,"Autumn in High Park 1, Toronto / L'automne à High Park n.1, Toronto",,Bike,Toronto,CA - ON - TO - AUTUMN IN HIGH PARK 1,,04/05/2022,David,
Canada,Ontario,Autumn in High Park 2,"Canada, Ontario, Toronto, High Park, autumn, fall, trees, nature",High Park 2,"Autumn in High Park 2, Toronto / L'automne à High Park n.2, Toronto",,Bike,Toronto,CA - ON - TO - AUTUMN IN HIGH PARK 2,,04/05/2022,David,
Canada,Ontario,Bailieboro Fall Drive,"Canada, Ontario, Drive, Baillieboro, countryside, dirt roads",Bailieboro,Bailieboro Fall Drive /Sûr la route près de Bailieboro,,Drive,,CA - ON - BAILIEBORO FALL DRIVE,,04/05/2022,David/Lisa,
Canada,Ontario,Ball's Falls ,"Canada, Ontario, Ball's Falls, Niagara, trail, hike, autumn, fall, nature, waterfall, river, rocks",Ball's Falls ,"Ball's Falls Hike, Ontario / Randonnée à Ball's Falls, Ontario",,Walk,,CA - ON - BALL'S FALLS ,,10/03/2023,David,
Canada,Ontario,Ball's Falls 2,"Canada, Ontario, Ball's Falls, Trail, Niagara, autumn, fall, nature, hike, river",Ball's Falls 2,"Ball's Falls 2, Ontario / Randonnée à Ball's Falls n.2, Ontario",,Walk,,CA - ON - BALL'S FALLS 2,,10/03/2023,David,
Canada,Ontario,Billy Bishop Airport,"Canada, Ontario, Lake Ontario, Toronto, airport, ferry, tunnel, Ireland Park, airplanes, dog",Billy Bishop Airport / Aéroport,"Waterfront near Billy Bishop Airport, Toronto, Ontario / Au bord de l'eau près de l'aéroport Billy Bishop, Toronto, Ontario",,Walk,Toronto,CA - ON - BILLY BISHOP AIRPORT,,22/11/2023,YiFei /David,
Canada,Ontario,Birchaven Cove,"Canada, Ontario, North Bay, Trout Lake, Hike, nature, lake, trees, rocks, water, swimming, wading, beach, summer",Birchaven Cove,"Birchaven Cove, North Bay, Ontario",,Walk,North Bay,CA - ON - BIRCHAVEN COVE,,22/11/2023,David,
Canada,Ontario,Black Creek Trail 1,"Canada, Ontario, Toronto, Black Creek Trail, park, autumn, fall, trees, nature",Sentier Black Creek Trail 1,"Black Creek Trail 1, Toronto / Le sentier Black Creek n.1, Toronto",,Walk,Toronto,CA - ON - TO - BLACK CREEK TRAIL 1,,04/05/2022,David,
Canada,Ontario,Black Creek Trail 2,"Canada, Ontario, Toronto, Black Creek Trail, park, autumn, fall, trees, nature",Sentier Black Creek Trail 2,"Black Creek Trail 2, Toronto / Le sentier Black Creek n.2, Toronto",,Walk,Toronto,CA - ON - TO - BLACK CREEK TRAIL 2,,04/05/2022,David,
Canada,Ontario,Brockville,"Canada, Ontario, Brockville, history, architecture, Walk, autumn",Brockville 1,"Brockville, Ontario",,Walk,Brockville,CA - ON - BROCKVILLE ONTARIO,,04/05/2022,David,
Canada,Ontario,Brockville Waterfront,"Canada, Ontario, Brockville, history, architecture, Walk, autumn, waterfront",Brockville 2,"Brockville Waterfront / Au bord du fleuve Saint-Laurent, Brockville",,Walk,Brockville,CA - ON - BROCKVILLE WATERFRONT,,04/05/2022,David,
Canada,Ontario,Centre Island,"Canada, Ontario, Toronto, Centre Island, park, summer, garden, flowers, formal garden, Lake Ontario",Centre Island / île Centre,"Centre Island, Toronto / Île Centre, Toronto",,Walk,Toronto,CA - ON - TO - CENTRE ISLAND,,15/09/2022,David,
Canada,Ontario,Centreville,"Canada, Ontario, Toronto, Centre Island, Centreville, park, summer, amusement park, children",Centreville,"Centreville Amusement Park, Toronto / Parc D'Attractions Centreville, Toronto",,Walk,Toronto,CA - ON - TO - CENTREVILLE,,15/09/2022,David,
Canada,Ontario,Cherry Blossoms,"Canada, Ontario, Toronto, Cherry blossoms, flowers, sakura, park, spring, hanami, walk",Cherry Blossoms / Cerisiers,"Cherry Blossoms in High Park / Cerisiers en fleurs à High Park, Toronto Ontario",,Walk,Toronto,,,07/07/2023,David,
Canada,Ontario,Chinatown 1,"Canada, Ontario, Toronto, Chinatown, Spadina Ave, shopping, Walk",Chinatown/Quartier Chinois 1,Chinatown 1 / Quartier Chinois n. 1   Toronto,,Walk,Toronto,CA - ON - TO - CHINATOWN 1,,21/06/2022,David,
Canada,Ontario,Chinatown 2,"Canada, Ontario, Toronto, Chinatown, Spadina Ave, shopping, Walk",Chinatown/Quartier Chinois 2,Chinatown 2 / Quartier Chinois n. 2   Toronto,,Walk,Toronto,CA - ON - TO - CHINATOWN 2,,26/06/2022,David,
Canada,Ontario,Christmas Lights,"Canada, Ontario, Toronto, Christmas LIghts, Christmas, winter",Xmas/Nöel Toronto,"Christmas Lights Toronto / Lumières de Nöel, Toronto",,Walk,Toronto,XMAS - CHRISTMAS LIGHTS,Christmas,04/05/2022,David,
Canada,Ontario,Cloudy Bewdley,"Canada, Ontario, Bewdley, Drive, countryside, samll town, autumn",Bewdley,"Cloudy Day, Bewdley, Ontario / Journée nuageuse, Bewdley, Ontario",,Drive,,CA - ON - CLOUDY DAY BEWDLEY,,04/05/2022,David,
Canada,Ontario,Collingwood 1,"Canada, Ontario, Collingwood, Drive, countryside, small town, architecture, spring, history, waterfront",Collingwood 1,"To the Grain Terminals / Aux terminaux de grains  Collingwood, Ontario",,Drive,Collingwood,CA - ON - COLLINGWOOD 1,,16/06/2022,David,
Canada,Ontario,Collingwood 2,"Canada, Ontario, Collingwood, park, flowers, spring, waterfront ",Collingwood 2,"Harbourview Park 1 / Parc Harbourview n.1  Collingwood, Ontario",,Drive,Collingwood,CA - ON - COLLINGWOOD 2,,09/06/2022,David,
Canada,Ontario,Collingwood 3,"Canada, Ontario, Collingwood, boardwalk, summer, park, walk",Collingwood 3,"Harbourview Park 2 / Parc Harbourview n.2  Collingwood, Ontario",,Drive,Collingwood,CA - ON - COLLINGWOOD 3,,09/06/2022,David,
Canada,Ontario,Crests of Kennisis 1,"Canada, Ontario, Crests of Kennisis, Haliburton, Forest, Nature, Trees, Rocks, hike, trail, cliffs, moss, beaver lodge, pond",Kennisis 1,"Crests of Kennisis Trail 1, Haliburton, Ontario / Sentier Crests of Kennisis n.1, Haliburton, Ontario",,Walk,,CA - ON - CRESTS OF KENNISIS 1,,22/11/2023,David,
Canada,Ontario,Crests of Kennisis 2,"Canada, Ontario, Haliburton, Crests of Kennisis, Forest, Nature, Trees, Rocks, hike, trail",Kennisis 2,"Crests of Kennisis Trail 2, Haliburton, Ontario / Sentier Crests of Kennisis n.2,  Haliburton, Ontario",,Walk,,CA - ON - CRESTS OF KENNISIS 2,,22/11/2023,David,
Canada,Ontario,Distillery Xmas 1,"Canada, Ontario, Toronto, Distillery District, Christmas, History, architecture, shopping",Xmas/Nöel Distillery 1,"The Distillery Winter Village 1, Toronto / Le Distillery Winter Village n.1, Toronto",,Walk,Toronto,XMAS - DISTILLERY WINTER VILLAGE 1,Christmas,04/05/2022,David,
Canada,Ontario,Distillery Xmas 2,"Canada, Ontario, Toronto, Distillery District, Christmas, History, architecture, shopping",Xmas/Nöel Distillery 2,"The Distillery Winter Village 2, Toronto / Le Distillery Winter Village n.2, Toronto",,Walk,Toronto,XMAS - DISTILLERY WINTER VILLAGE 2,Christmas,04/05/2022,David,
Canada,Ontario,Distillery Xmas 3,"Canada, Ontario, Toronto, Distillery District, Christmas, History, architecture, shopping",Xmas/Nöel Distillery 3,"The Distillery Winter Village 3, Toronto / Le Distillery Winter Village n.3, Toronto",,Walk,Toronto,XMAS - DISTILLERY WINTER VILLAGE 3,Christmas,04/05/2022,David,
Canada,Ontario,Drive into Toronto,"Canada, Ontario, Toronto, Drive, Danforth Avenue",Toronto ,Drive into Toronto / En voiture à Toronto ,,Drive,Toronto,CA - ON - TO - DRIVE INTO TORONTO,,04/05/2022,David/Lisa,
Canada,Ontario,Duchesnay Falls,"Canada, Ontario, Duchesnay Falls, Hike, Trail, Nature, Waterfall, Creek, River, Forest, Woods, Trees",Duchesnay Falls / Chutes Duchesnay,"Duchesnay Falls / Chutes Duchesnay, North Bay, Ontario",,Walk,,CA - ON - DUCHESNAY FALLS,,08/09/2023,David,
Canada,Ontario,Dundas Square,"Canada, Ontario, Toronto, Dundas Square, Architecture, Crowds, Streets, Downtown, Fountain","Dundas Square, Toronto","Dundas Square, Toronto",,Walk,Toronto,CA - ON - DUNDAS SQUARE,,01/10/2023,David,
Canada,Ontario,Dunnville,"Canada, Ontario, Dunnville, Small Town, Countryside, Restaurant",Dunnville,"Dunnville, Ontario",,Drive,Dunnville,CA - ON - DUNNVILLE,,07/09/2023,David,
Canada,Ontario,Eaton Centre Christmas,"Canada, Toronto, Eaton Centre, Christmas",Xmas/Nöel Eaton Centre,"Eaton Centre Christmas / Nöel au Centre Eaton, Toronto",,Walk,Toronto,XMAS - EATON CENTRE CHRISTMAS,Christmas,04/05/2022,David,
Canada,Ontario,Fall Colours Toronto,"Canada, Ontario, Toronto, High Park, Fall Colours, Autumn",Fall Colours / Couleurs de L'Automne,"Fall Colours, High Park, Toronto / Couleurs de L'Automne, High Park, Toronto",,Walk,Toronto,CA - ON - TO - FALL COLOURS,,09/12/2022,David,
Canada,Ontario,Farmers Market North Bay,"Canada, Ontario, North Bay, Farmer's Market",Farmers Market / Marché Fermier,"Farmers Market / Marché Fermier, North Bay Ontario",,Walk,North Bay,CA - ON - FARMERS MARKET NORTH BAY,,16/09/2022,David,
Canada,Ontario,Graffiti Alley,"Canada, Ontario, Toronto, Graffiti, Graffiti Alley",Graffiti Alley Toronto,"Graffiti Alley, Toronto Ontario",,Walk,Toronto,CA - ON - TO - GRAFFITI ALLEY,,09/06/2022,David,
Canada,Ontario,Gravenhurst,"Canada, Ontario, Gravenhurst, History, Muskoka, Boats, Waterfront",Gravenhurst,"Gravenhurst, Ontario",,Drive,Gravenhurst,CA - ON - GRAVENHURST,,09/12/2022,David,
Canada,Ontario,Grey County 1,"Canada, Ontario, Grey County, Blue Mountains, coutryside, drive",Grey County / Comté de Grey 1,"Blue Mountains Drive / Blue Mountains en auto  Grey County / Comté de Grey, Ontario",,Drive,,CA - ON - GREY COUNTY 1,,09/06/2022,David,
Canada,Ontario,Grey County 2,"Canada, Ontario, Grey County, Beaver Valley, gardens, countryside, flowers",Grey County / Comté de Grey 2,"Fiddlehead Nursery / Pépinière Fiddlehead  Beaver Valley, Grey County, Ontario",,Walk,,CA - ON - GREY COUNTY 2,,12/06/2022,David,
Canada,Ontario,Grey County 3,"Canada, Ontario, Grey County, Beaver Valley, Trail, trees, hike, woods, forest",Grey County / Comté de Grey 3,"Old Baldy Trail 1 / Le Sentier Old Baldy n.1   Beaver Valley, Grey County, Ontario",,Walk,,CA - ON - GREY COUNTY 3,,13/06/2022,David,
Canada,Ontario,Grey County 4,"Canada, Ontario, Grey County, Beaver Valley, Trail, trees, hike, woods, forest, cliffs",Grey County / Comté de Grey 4,"Old Baldy Trail 2 / Le Sentier Old Baldy n.2   Beaver Valley, Grey County, Ontario",,Walk,,CA - ON - GREY COUNTY 4,,13/06/2022,David,
Canada,Ontario,Grey County 5,"Canada, Ontario, Grey County, Beaver Valley, Metcalfe Crevice Trail, trees, hike, woods, forest, rocks",Grey County / Comté de Grey 5,"Metcalfe Crevice Trail / Sentier Crevasse Metcalfe  Beaver Valley, Grey County, Ontario",,Walk,,CA - ON - GREY COUNTY 5,,12/06/2022,David,
Canada,Ontario,Grey County 6,"Canada, Ontario, Grey County, Beaver Valley, Farms, farm animals",Grey County / Comté de Grey 6,"A Few Farms / Quelques Fermes  Beaver Valley, Grey County, Ontario",,Walk,,CA - ON - GREY COUNTY 6,,19/06/2022,David,
Canada,Ontario,Grey County 7,"Canada, Ontario, Grey County, Beaver Valley, Drive, small town",Grey County / Comté de Grey 7,"Beaver Valley Drive / Beaver Valley en auto   Grey County, Ontario",,Drive,,CA - ON - GREY COUNTY 7,,20/06/2022,David,
Canada,Ontario,Haliburton Scupture Garden,"Canada, Ontario, Haliburton, Nature, Forest, Trail, Sculpture, Art, Trees, Deer, Animals",Haliburton Sculpture Forest,"Haliburton Sculpture Forest, Haliburton Ontario",,Walk,,CA - ON - HALIBURTON SCULPTURE GARDEN,,31/10/2023,David,
Canada,Ontario,Halloween Monsters,"Canada, Ontario, Elora, Hallowe'en, sculpture, art, small town, autumn, fall",Halloween Monsters /Monstres d'Halloween,"Halloween Monsters / Monstres d'Halloween, Elora Ontario",,Walk,Elora,,,5/4/2024,David,
Canada,Ontario,Heritage Architecture Toronto,"Canada, Ontario, Toronto, Architecture, History",Architecture in/en Toronto,"Heritage Architecture Toronto / Architecture patrimoniale, Toronto",,Walk,Toronto,CA - ON - TO - HERITAGE ARCHITECTURE,"Redone with interior titles identifying buildings, new version uploaded Dec 19, 2022, old version was uploaded 04/05/2022",19/12/2022,David,
Canada,Ontario,Highway 35 to Dorset,"Canada, Ontario, Haliburton, Dorset, drive, walk, nature, small town, bridge, boat, lake, trees, summer",35 to Dorset / 35 vers Dorset,"Highway 35 to Dorset, Haliburton, Ontario / Sur l'autoroute 35 vers Dorset, haliburton, Ontarion",,Drive,,CA - ON - HIGHWAY 35 TO DORSET,walking section as well,22/11/2023,David,
Canada,Ontario,Island Ferry,"Canada, Ontario, Toronto, Ward's Island, Ferry, Lake Ontario, summer",Island Ferry / Ferry à l'île,"Island Ferry / Ferry à l'île, Toronto, Ontario",,Boat,Toronto,CA - ON - TO - ISLAND FERRY,,19/09/2022,David,
Canada,Ontario,Laurier Woods,"Canada, Ontario, North Bay, Laurier Woods, Forest, Park, Trail, nature, pond, autumn, fall, trees, countryside",Laurier Woods,"Laurier Woods, North Bay, Ontario",,Walk,North Bay,,,10/04/2024,David,
Canada,Ontario,Kingston,"Canada, Ontario, Kingston, Architecture, Historical, Cathedral, Church, Downtown, City Hall, Causeway, Royal Military College",Kingston,"Kingston, Ontario",,Drive,Kingston,CA - ON - KINGSTON,,09/09/2023,YiFei,
Canada,Ontario,Kingsway Bike Ride,"Canada, Ontario, Toronto, Bike ride, fall","Kingsway, Toronto","Kingsway Bike Ride / À vélo au quartier Kingsway, Toronto",,Bike,Toronto,CA - ON - TO - KINGSWAY BIKE RIDE,,04/05/2022,David,
Canada,Ontario,Kleinburg Sculpture,"Canada, Ontario, Kleinburg, McMichael Gallery, sculpture, art, winter",Kleinburg Sculpture,"Ivan Eyre Sculpture Garden, McMichael Canadian Art Collection, Kleinburg Ontario / Jardin de sculpture Ivan Eyre, McMichael collection d'art canadien, Kleinburg, Ontario",,Walk,Kleinburg,CA - ON - MCMICHAEL SCULPTURE GARDEN,,04/05/2022,David,
Canada,Ontario,Koreatown 1,"Canada, Ontario, Toronto, Bloor St, Koreatown, shopping","Koreatown 1, Toronto","Koreatown 1 / Le quartier coréen n.1, Toronto",,Walk,Toronto,CA - ON - TO - KOREATOWN 1,,04/05/2022,David,
Canada,Ontario,Koreatown 2,"Canada, Ontario, Toronto, Bloor St, Koreatown, shopping","Koreatown 2, Toronto","Koreatown 2 / Le quartier coréen n.2, Toronto",,Walk,Toronto,CA - ON - TO - KOREATOWN 2,,04/05/2022,David,
Canada,Ontario,Log Chute,"Canada, Ontario, Haliburton, Hike, Trail, Nature, Log Chute, River, Forest, Woods, Trees",Hike to Hawk Lake Log Chute/ Randonnée à la Goulotte à Billes de Hawk Lake,,,Walk,,CA - ON - LOG CHUTE_GOULOTTE À BILLES,,01/10/2023,David,
Canada,Ontario,Martin Goodman Trail 1,"Canada, Ontario, Toronto, Martin Goodman Trail, bike",Sentier Martin Goodman Trail 1,"Martin Goodman Trail 1, Toronto / La Piste Martin Goodman n.1, Toronto",,Bike,Toronto,CA - ON - TO - MARTIN GOODMAN TRAIL 1,,04/05/2022,Charlie,
Canada,Ontario,Martin Goodman Trail 2,"Canada, Ontario, Toronto, Martin Goodman Trail, bike",Sentier Martin Goodman Trail 2,"Martin Goodman Trail 2, Toronto / La Piste Martin Goodman n.2, Toronto",,Bike,Toronto,CA - ON - TO - MARTIN GOODMAN TRAIL 2,,04/05/2022,Charlie,
Canada,Ontario,Martin Goodman Trail 3,"Canada, Ontario, Toronto, Martin Goodman Trail, bike",Sentier Martin Goodman Trail 3,"Martin Goodman Trail 3, Toronto / La Piste Martin Goodman n.3, Toronto",,Bike,Toronto,CA - ON - TO - MARTIN GOODMAN TRAIL 3,,04/05/2022,Charlie,
Canada,Ontario,Martin Goodman Trail 4,"Canada, Ontario, Toronto, Martin Goodman Trail, bike",Sentier Martin Goodman Trail 4,"Martin Goodman Trail 4, Toronto / La Piste Martin Goodman n.4, Toronto",,Bike,Toronto,CA - ON - TO - MARTIN GOODMAN TRAIL 4,,04/05/2022,Charlie,
Canada,Ontario,Martin Goodman Trail 5,"Canada, Ontario, Toronto, Martin Goodman Trail, bike",Sentier Martin Goodman Trail 5,"Martin Goodman Trail 5, Toronto / La Piste Martin Goodman n.5, Toronto",,Bike,Toronto,CA - ON - TO - MARTIN GOODMAN TRAIL 5,,04/05/2022,Charlie,
Canada,Ontario,McDougall Mill Museum,"Canada, Ontario, Renfrew, McDougall Mill Museum, museum",McDougall Museum / Musée McDougall,"McDougall Mill Museum, Renfrew Ontario /Musée du Moulin McDougall, Renfrew Ontario",,Walk,,CA - ON - MCDOUGALL MUSEUM,,19/09/2022,David,
Canada,Ontario,Meaford,"Canada, Ontario, Meaford, drive, small town, harbour",Meaford,"Meaford, Ontario",,Drive,Meaford,CA - ON - MEAFORD,,07/07/2022,David,
Canada,Ontario,Niagara Drive,"Canada, Ontario, Niagara, Drive, countryside, vineyards, fall, autumn",Niagara Drive / Niagara en Auto,"Niagara Drive, Ontario / Niagara en Auto, Ontario",,Drive,,CA - ON - NIAGARA DRIVE,,12/12/2022,David,
Canada,Ontario,North Bay,"Canada, Ontario, North Bay, drive, waterfront, Lake Nipissing",North Bay,"North Bay, Ontario",,Drive,North Bay,CA - ON - NORTH BAY ONTARIO,,04/05/2022,David/Lisa,
Canada,Ontario,North Bay Cruisers,"Canada, Ontario, North Bay, Cars, vintage cars, classic cars, trucks, summer",North Bay Cruisers,"North Bay Cruisers Car Club, North Bay, Ontario",,Walk,North Bay,CA - ON - NORTH BAY CRUISERS,,24/11/2023,David,
Canada,Ontario,North of Meaford,"Canada, Ontario, Georgian Bay, countryside, Drive",North of / Au nord de Meaford,"North of Meaford / Au nord de Meaford, Ontario",,Drive,,CA - ON - NORTH OF MEAFORD,,07/07/2022,David,
Canada,Ontario,Perth 1,"Canada, Ontario, Perth, small town, history, park",Perth 1 / Perth n. 1,Perth 1 / Perth n. 1  Ontario,,Walk,Perth,CA - ON - PERTH 1,,22/07/2022,David,
Canada,Ontario,Perth 2,"Canada, Ontario, Perth, small town, history, park",Perth 2 / Perth n. 2,Perth 2 / Perth n. 2  Ontario,,Walk,Perth,CA - ON - PERTH 2,,22/07/2022,David,
Canada,Ontario,Philosopher's Walk,"Canada, Ontario, Toronto, Philosopher's Walk, park",Philosopher's Walk,"Philosopher's Walk, University of Toronto / Le sentier des philosophes, Université de Toronto",,Drone,Toronto,CA - ON - TO - PHILOSOPHER'S WALK,,04/05/2022,Mark/Ken,
Canada,Ontario,Port Perry & Kleinburg,"Canada, Ontario, Port Perry, Kleinburg, Waterfront, small town, winter",Port Perry & Kleinburg,Port Perry & Kleinburg,,Drive,,CA - ON - PORT PERRY & KLEINBURG,,04/05/2022,David,
Canada,Ontario,Queen St West 1,"Canada, Ontario, Toronto, Queen Street West",Queen St / rue Queen Toronto 1,"Queen St West 1 / Rue Queen Ouest n. 1, Toronto, Ontario",,Walk,Toronto,CA - ON - TO - QUEEN WEST 1,,09/06/2022,David,
Canada,Ontario,Queen St West 2,"Canada, Ontario, Toronto, Queen Street West",Queen St / rue Queen Toronto 2,"Queen St West 2 / Rue Queen Ouest n. 2, Toronto, Ontario",,Walk,Toronto,CA - ON - TO - QUEEN WEST 2,,09/06/2022,David,
Canada,Ontario,Queen St West 3,"Canada, Ontario, Toronto, Queen Street West",Queen St / rue Queen Toronto 3,"Queen St West 3 / Rue Queen Ouest n. 3, Toronto, Ontario",,Walk,Toronto,CA - ON - TO - QUEEN WEST 3,,07/07/2022,David,
Canada,Ontario,Road to the Cottage,"Canada, Ontario, Arnprior, countryside, Drive, summer",To the cottage / Vers le chalet,"Road to the Cottage, near Arnprior, Ontario / Sur la route vers le chalet, près d'Arnprior, Ontario",,Drive,,CA - ON - TO THE COTTAGE,,19/09/2022,David,
Canada,Ontario,Roundhouse Park,"Canada, Ontario, Toronto, Trains, locomotives",Roundhouse Park / Parc Roundhouse,"Roundhouse Park, Toronto / Parc Roundhouse, Toronto",,Walk,Toronto,CA - ON - TO - ROUNDHOUSE PARK,,19/09/2022,David,
Canada,Ontario,Screaming Heads,"Canada, Ontario, Burk's Falls, Sculpture, art, countryside, park, gardens, summer",Screaming Heads / Têtes Hurlantes,"Screaming Heads, Outdoor Sculptures / Têtes Hurlantes, Sculptures en plein air",,Walk,Burk's Falls,,,05/04/2024,David,
Canada,Ontario,Spring Blossoms,"Canada, Ontario, Toronto, Flowers, gardens, spring, city",Spring Blossoms / Fleurs de printemps,"Spring Blossoms / Fleurs de printemps, Toronto, Ontario",,Walk,Toronto,,,07/07/2023,David,
Canada,Ontario,St Lawrence Market,"Canada, Ontario, Toronto, St. Lawrence Market, history, shopping",St Lawrence Market,"St. Lawrence Market, Toronto / Le marché St. Laurent, Toronto",,Walk,Toronto,CA - ON - TO - ST LAWRENCE MARKET,,04/05/2022,David,
Canada,Ontario,Summer Camp,"Canada, Ontario, trees, nature, forest, lake",Summer Camp / Camp de vacances,"Summer Camp, Gravenhurst / Camp de Vacances, Gravenhurst",,Drone,,,,11/04/2024,Ken,
Canada,Ontario,Summer Camp Canoe Races,"Canada, Ontario, canoeing, summer, swimming, nature, lake, games",Canoe Races /  Courses de Canot,"Summer Camp Canoe Races, Gravenhurst / Courses de Canot au Camp de Vacances, Gravenhurst",,Drone,,,,11/04/2024,Ken,
Canada,Ontario,Summer Flowers,"Canada, Ontario, Toronto, Flowers, gardens, summer, city",Summer Flowers / Fleurs d'été,"Summer Flowers / Fleurs d'été, Toronto, Ontario",,Walk,Toronto,CA - ON - SUMMER FLOWERS,,01/10/2023,David,
Canada,Ontario,"Sunset Park, North Bay","Canada, Ontario, North Bay, Lake Nipissing, Lake, Park",Sunset Park / Parc Sunset,"Sunset Park / Parc Sunset , North Bay , Ontario",,Walk,North Bay,CA - ON - SUNSET PARK,,19/09/2022,David,
Canada,Ontario,To St Catharines and a Winery,"Canada, Ontario, St Catharines, Drive, countryside, autumn, fall, vineyards",St Catharines & Winery / Vinerie,To St Catharines & a Winery / Un Tour à St Catharines et une Vinerie,,Drive,,CA - ON - ST CATHARINES & WINERY,,10/03/2023,David,
Canada,Ontario,Toronto Botanical Garden,"Canada, Ontario, Toronto, Garden, flowers, trees, park, summer, trees, nature",Botanical Gardens / Jardin Botanique ,Toronto Botanical Garden / Jardin Botanique de Toronto,,Walk,Toronto,,,10/04/2024,David,
Canada,Ontario,Toronto City Hall Christmas,"Canada, Ontario, Toronto, City Hall, skating, Christmas",Xmas/Nöel City Hall Toronto,"City Hall Christmas, Toronto / L'Hôtel de ville à Nöel, Toronto",,Walk,Toronto,XMAS - CITY HALL CHRISTMAS,Christmas,04/05/2022,David,
Canada,Ontario,Toronto Music Garden,"Canada, Ontario, Toronto, Garden, park, trees, flowers, sculpture, nature, music, waterfront, Lake Ontario",Toronto Music Garden,"Toronto Music Garden, Toronto, Ontario",,Walk,Toronto,CA - ON - TORONTO MUSIC GARDEN,,24/11/2023,David,
Canada,Ontario,Train to Brockville,"Canada, Ontario, Brockville, Toronto, Union Station, Train, Lake Ontario",Brockville by/en train,Train Trip to Brockville / Voyage en train à Brockville,,Train,,CA - ON - TRAIN TRIP TO BROCKVILLE,,04/05/2022,David,
Canada,Ontario,University of Toronto,"Canada, Ontario, Toronto, University of Toronto, Architecture, Hstory",University of / Université de Toronto,"University of Toronto, St George campus / Université de Toronto, campus St-George",,Walk,Toronto,CA - ON - UNIVERSITY OF TORONTO,,15/03/2023,David,
Canada,Ontario,Walk to Harbourfront Centre,"Canada, Ontario, Toronto, waterfront, skyline, CN Tower, Lake Ontario, boat, park, trees, ducks, birds, ship, tugboat, sailboat, marina, docks, boardwalk, ferry",To / Vers Harbourfront,"Walk to Harbourfront Centre, Toronto Ontario / Promenade vers Centre Harbourfront, Toronto, Ontario",,Walk,Toronto,CA - ON - WALK TO HARBOURFRONT CENTRE,,24/11/2023,David,
Canada,Ontario,Ward's Island,"Canada, Ontario, Toronto, Ward's Island, Lake Ontario, garden, park, summer, waterfront, boardwalk, marina",Ward's Island / L'île Ward,"Ward's Island / L'île Ward, Toronto Ontario",,Walk,Toronto,CA - ON - TO - WARDS ISLAND,,19/09/2022,David,
Canada,Ontario,Winter Highway Drive,"Canada, Ontario, Highway 11, winter, rocks, trees, nature, snow, northern Ontario",Winter Drive / Hiver en auto,"Winter Drive, Highway 11, Ontario / Promenade en Voiture, Autoroute 11, Ontario",,Drive,,,,10/04/2024,David,
Canada,Ontario,Winter Trail Walk,"Canada, Ontario, North Bay, winter, trail, hike, nature",Winter Walk / Sentier en hiver,"Winter Trail Walk, North Bay / Un sentier en hiver, North Bay",,Walk,,CA - ON - WINTER TRAIL WALK,,04/05/2022,David,
Canada,Prince Edward Island,Brackley Beach,"Canada, Prince Edward Island, Brackley Beach, countryside, summer, beach, Atlantic Ocean, boardwalk, drone",Brackley Beach / Plage Brackley,"Brackley Beach, Prince Edward Island / Plage Brackley, Île-du-Prince-Édouard",,Drone,,CA - PE - BRACKLEY BEACH,DRONE + WALK,19/09/2022,Mark & Ken,
Canada,Prince Edward Island,Charlottetown,"Canada, Prince Edward Island, Charlottetown, Harbour, drone, boats, ships, summer",Charlottetown,"Charlottetown, Prince Edward Island / Île-du-Prince-Édouard",,Drone,,CA - PE - CHARLOTTETOWN,DRONE + WALK,19/09/2022,Mark & Ken,
Canada,Prince Edward Island,Confederation Bridge,"Canada, Prince Edward Island, Confederation Bridge, Northumberland Strait, Trans-Canada Highway, countryside, summer, drive",Confederation Bridge / Pont Confédération,"Confederation Bridge, Prince Edward Island / Pont de la Confédération, île-du-Prince-Édouard",,Drive,,CA - PE - CONFEDERATION BRIDGE,,16/09/2022,Mark,
Canada,Prince Edward Island,Malpeque > Kensington,"Canada, Prince Edward Island, Highway 20, Malpeque, Kensington, countryside, farms, summer, drive",Malpeque > Kensington,"Malpeque > > > Kensington, Prince Edward Island / Île-du-Prince-Édouard",,Drive,,CA - PE - MALPEQUE TO KENSINGTON,,22/09/2022,Mark,
Canada,Prince Edward Island,New London > Seaview,"Canada, Prince Edward Island, Highway 20, New London, Seaview, countryside, farms, summer, drive",New London > Seaview,"New London > > > Seaview, Prince Edward Island / Île-du-Prince-Édouard",,Drive,,CA - PE - NEW LONDON TO SEAVIEW,,22/09/2022,Mark,
Canada,Prince Edward Island,O'Leary Drive,"Canada, Prince Edward Island, O'Leary, summer, drive",O'Leary Drive /O'Leary en auto,"O'Leary Drive, Prince Edward Island /O'Leary en auto, Île-du-Prince-Édouard",,Drive,,CA - PE - O'LEARY DRIVE,,19/09/2022,Mark,
Canada,Prince Edward Island,O'Leary from Above,"Canada, Prince Edward Island, O'Leary, countryside, summer, drone",O'Leary by drone / par drone,"O'Leary from Above , Prince Edward Island / O'Leary vu d'en haut, Île-du-Prince-Édouard",,Drone,,CA - PE - O'LEARY FROM ABOVE,,19/09/2022,Ken,
Canada,Prince Edward Island,To Hunter River,"Canada, Prince Edward Island, Hunter River, Highway 2, countryside, summer, drive",To / Vers Hunter River,"To / Vers Hunter River, Prince Edward Island / Île-du-Prince-Édouard",,Drive,,CA - PE - HUNTER RIVER,,22/09/2022,Mark,
Canada,Prince Edward Island,To Stanley Bridge,"Canada, Prince Edward Island, Highway 13, Highway 224, Stanley Bridge, countryside, summer, nature, drive",to / Vers Sydney Bridge,"To /Vers Sydney Bridge,  Prince Edward Island / Île-du-Prince-Édouard",,Drive,,CA - PE - SYDNEY BRIDGE,,22/09/2022,Mark,
Canada,Quebec,2 Montreal Parks,"Canada, Quebec, Montreal, Park, architecture, fountain, trees",Montreal Parks / Parcs Montréalais,"2 Parcs Montréalais, Quebec / 2 Montréal Parks, Quebec",,Walk,Montreal,CA - QC - 2 MONTREAL PARKS,,09/12/2022,David,
Canada,Quebec,Boom Défense 1,"Canada, Quebec, Gaspé, Ocean, Waves, Seashore, Beach, Coast, Sand, Grasses, Wind, Nature, Forest, Trees, WW2 History","Boom Défense 1, Gaspé, Québec","Boom Défense 1, Gaspé, Québec",,Walk,,,DRONE + WALK,05/04/2024,Mark & Ken,
Canada,Quebec,Boom Défense 2,"Canada, Quebec, Gaspé, Ocean, Waves, Seashore, Beach, Coast, Sand, Grasses, Wind, Nature, Forest, Trees, WW2 History ","Boom Défense 2, Gaspé, Québec","Boom Défense 2, Gaspé, Québec",,Walk,,,DRONE + WALK,05/04/2024,Mark & Ken,
Canada,Quebec,Cap-des-Rosiers,"Canada, Quebec, Countryside, highway, drive, coast,  shoreline, Atlantic ocean, beach, summer, lighthouse, trees, forests, mountains",Cap-des-Rosiers,"Cap-des-Rosiers, Gaspé, Québec",,Drive,,,DRIVE + WALK + DRONE,04/04/2024,Mark & Ken,
Canada,Quebec,Forillon 1,"Canada, Quebec, Countryside, nature, beach, Atlantic ocean, lighthouse, Gaspé, forest, trees, coast, shoreline, cliffs, national park, trail, hike, bear",Forillon 1,"Parc National Forillon n. 1, Québec / Forillon National Park 1, Quebec",,Walk,,,,05/04/2024,Mark,
Canada,Quebec,Forillon 2,"Canada, Quebec, Countryside, nature, Atlantic ocean, lighthouse, Gaspé, forest, trees, coast, shoreline, cliffs, national park, trail, hike, lookout",Forillon 2,"Parc National Forillon n. 2, Québec / Forillon National Park 2, Quebec",,Drone,,,DRONE + WALK,05/04/2024,Mark & Ken,
Canada,Quebec,Gaspé South Coast,"Canada, Quebec, Countryside, highway drive, coast,  shoreline, Atlantic ocean, summer, trees, boats",Gaspé Côté Sud / Gaspé South Coast,"Côté Sud de la Gaspésie, Québec / South Coast, Gaspé Penisula, Québec",,Drive,,,,05/04/2024,Mark,
Canada,Quebec,Mont Royal Park,"Canada, Quebec, Montreal, Mont Royal Park, Park, walk, terrace",Parc du Mont-Royal,"Parc du Mont-Royal, Montréal, Québec / Mont Royal Park, Montreal, Québec",,Walk,Montreal,CA - QC -  MOUNT ROYAL PARK,,09/12/2022,David,
Canada,Quebec,Montreal Streets,"Canada, Quebec, Montreal, Montreal streets, architecture, rue St. Denis, shopping",Montreal Streets / Rues Montréalaises,"Streets of Montreal , Quebec / Des rues à Montréal, Québec",,Walk,Montreal,CA - QC - MONTREAL STREETS,,19/12/2022,David,
Canada,Quebec,Percé Rock,"Canada, Quebec, Percé Rock, rocks, cliffs, Atlantic Ocean, nature, coast, summer, countryside, landmark, drone",Percé,"Le Rocher Percé, Gaspé, Québec / Percé Rock, Gaspé, Quebec",,Drive,,,DRIVE + WALK + DRONE,10/04/2024,Mark & Ken,
Canada,Quebec,Percé to Pont Ste. Majorique,"Canada, Quebec, Percé, Sainte Majorique, Causeway, Ocean, nature, coast, summer, countryside",Percé > Pont St. Majorique,"Percé > > > Pont Saint-Majorique, Gaspésie, Québec",,Drive,,,,05/04/2024,Mark,
Canada,Quebec,Pont Jacques Cartier Bridge,"Canada, Quebec, Montreal, Jacques Cartier Bridge, Bridge, highway",Pont Jacques-Cartier Bridge,"Pont Jacques-Cartier, Québec / Jacques Cartier Bridge, Quebec",,Drive,,CA - QC - JACQUES CARTIER BRIDGE,,04/05/2022,Mark,
Canada,Quebec,Rivière Matapédia River,"Canada, Quebec, Matapedia River, river, hills, nature",Matapedia,"Beside the Matapedia River, Québec / Le Long de la rivière Matapédia, Québec",,Drive,,CA - QC - BESIDE THE MATAPEDIA RIVER,,04/05/2022,Mark,
Canada,Quebec,St Lawrence / St Laurent,"Canada, Quebec, River, countryside, drive, highway",St Lawrence / St Laurent,"Rive Sud, Fleuve Saint Laurent / South Shore, St Lawrence River",,Drive,,CA - QC - SOUTH SHORE ST LAWRENCE,,04/05/2022,Mark,
Canada,Quebec,Vieux Montréal 1,"Canada, Quebec, Montreal, Old Montreal, architecture, history, shopping, walk, Place des Armes, cathedral",Vieux/Old Montréal 1,"Old Montreal 1 / Vieux Montréal n.1, Québec  ",,Walk,Montreal,CA - QC - VIEUX-MONTRÉAL 1,,04/05/2022,Mark,
Canada,Quebec,Vieux Montréal 2,"Canada, Quebec, Montreal, Old Montreal, architecture, history, shopping, walk",Vieux/Old Montréal 2,"Old Montreal 2 / Vieux Montréal n.2, Québec ",,Walk,Montreal,CA - QC - VIEUX-MONTRÉAL 2,,04/05/2022,Mark,
Canada,Quebec,Vieux Montréal 3,"Canada, Quebec, Montreal, Old Montreal, architecture, history, shopping, walk",Vieux/Old Montréal 3,"Old Montreal 3 / Vieux Montréal n.3, Québec ",,Walk,Montreal,CA - QC - VIEUX-MONTRÉAL 3,,09/12/2022,Mark,
Canada,Saskatchewan,Saskatchewan,"Canada, Saskatchewan, Regina, Grain elevator, nature, fields, farms, trains, landmark, hay bales, hills, mountains, drumlins, countryside",Saskatchewan,Saskatchewan,,Images,,CA - SK - SASKATCHEWAN,,05/04/2024,David,
Canada/USA,All/Mixed,Roadside Attractions,"Canada, USA, Roadside Attractions, Countryside, Landmark, Monument, Sculpture",Attractions,Roadside Attractions / Attractions au bord de la rue,,Walk,,,,06/09/2023,David,
China,Yancheng,Beiyang Village,"China, Beiyang Village, Streets, cars, motorocycles, shops, businesses, village, homes",Beiyang Village,"Beiyang Village, Yancheng, China / Chine",,Drive,,CN - BEIYANG VILLAGE,,10/04/2024,YiFei,
China,,Forbidden City 1,"China, Beijing, Forbidden City, history, architecture, monuments, landmarks, famous places, tourists, people, courtyards, gardens, winter",Forbidden City / Cité Interdite 1,"The Forbidden City 1, Beijing, China / La Cité Interdite, Pékin, Chine n.1",,Walk,Beijing,CN - FORBIDDEN CITY 1,,10/04/2024,YiFei,
China,,Forbidden City 2,"China, Beijing, Forbidden City, history, architecture, monuments, landmarks, famous places, tourists, people, courtyards, gardens, winter",Forbidden City / Cité Interdite 2,"The Forbidden City 1, Beijing, China / La Cité Interdite, Pékin, Chine n.1",,Walk,Beijing,CN - FORBIDDEN CITY 2,,10/04/2024,YiFei,
China,,Forbidden City 3,"China, Beijing, Forbidden City, history, architecture, monuments, landmarks, famous places, tourists, people, courtyards, gardens, winter",Forbidden City / Cité Interdite 3,"The Forbidden City 1, Beijing, China / La Cité Interdite, Pékin, Chine n.1",,Walk,Beijing,CN - FORBIDDEN CITY 3,,10/04/2024,YiFei,
China,,Temple of Heaven,"China, Beijing, Temple of Heaven, history, architecture, monuments, temple, park, landmarks, famous places, tourists, people, courtyards, gardens, winter",Temple of Heaven / Temple du Ciel,"Temple of Heaven, Beijing, China / Temple du Ciel, Pékin, Chine",,Walk,Beijing,CN - TEMPLE OF HEAVEN,,10/04/2024,YiFei,
Egypt,,Pyramids 1,"Egypt, Giza, Pyramids, desert",Pyramids/Pyramides 1,"Pyramids 1, Giza, Egypt / Les Pyramides n.1, Gizeh, Égypte",,Walk,,EG - PYRAMIDS 1,24,04/05/2022,Isaac,
Egypt,,Pyramids 2,"Egypt, Giza, Pyramids, desert",Pyramids/Pyramides 2,"Pyramids 2, Giza, Egypt / Les Pyramides n.2, Gizeh, Égypte",,Walk,,EG - PYRAMIDS 2,25,04/05/2022,Isaac,
Egypt,,Sphinx 1,"Egypt, Giza, Sphinx, desert",Sphinx 1,"Sphinx 1, Giza, Egypt / Le Sphinx n.1, Gizeh, Égypte",,Walk,,EG - SPHINX 1,22,04/05/2022,Isaac,
Egypt,,Sphinx 2,"Egypt, Giza, Sphinx, desert",Sphinx 2,"Sphinx 2, Giza, Egypt / Le Sphinx n.2, Gizeh, Égypte",,Walk,,EG - SPHINX 2,23,04/05/2022,Isaac,
France,,Nice,"France, Nice, winter, Mediterranean, boardwalk, stroll, December, architecture, beach, palm trees",Nice,"Nice, France",,Walk,Nice,FR - NICE ,,10/03/2023,Xianxin,
France,,Paris 1,"France, Paris, Highline Park, garden, walk",Paris 1,"Paris 1, Highline Park, France / Paris n.1, La Coulée Verte René-Dumont, France",,Walk,Paris,"FR - PARIS 1, HIGHLINE PARK",69,04/05/2022,Isaac,
France,,Paris 2,"France, Paris, Rue Moffetard, shops, shopping, architecture, history",Paris 2,"Paris 2, Rue Mouffetard, France / Paris n.2, La rue Mouffetard, France",,Walk,Paris,"FR - PARIS 2, RUE MOUFFETARD",70,04/05/2022,Isaac,
France,,Paris 3,"France, Paris, Jardin du Luxembourg, garden, park",Paris 3,"Paris 3, Jardin du Luxembourg, France / Paris n.3, Le Jardin du Luxembourg, France",,Walk,Paris,"FR - PARIS 3, JARDIN DU LUXEMBOURG",71,04/05/2022,Isaac,
France,,Paris 4,"France, Paris, The Louvre, architecture, courtyard",Paris 4,"Paris 4, The Louvre, France / Paris n.4, Le Musée du Louvre, France",,Walk,Paris,"FR - PARIS 4, THE LOUVRE",73,04/05/2022,Isaac,
France,,Paris 5,"France, Paris, Jardin des Tuileries, Garden, park",Paris 5,"Paris 5, Jardin des Tuileries, France / Paris n.5, Le Jardin des Tuileries, France",,Walk,Paris,"FR - PARIS 5, JARDIN DES TUILERIES",74,04/05/2022,Isaac,
France,,Paris 6,"France, Paris, Les Champs-Élysées, Arc de Triomphe",Paris 6,"Paris 6, Les Champs-Élysées, France / Paris n.6, L'Avenue des Champs-Élysées",,Walk,Paris,"FR - PARIS 6, CHAMPS-ÉLYSÉES",76,04/05/2022,Isaac,
France,,Paris 7,"France, Paris, winter, architecture, Bastille, Versailles, chateau, garden, statue, monument, history",Paris 7 ,"Paris 7, France / Paris n.7, France",,Walk,Paris,FR - PARIS 7,,10/03/2023,Xianxin,
France,,Paris 8,"France, Paris, shops, shopping, Montmartre, Rue de Faubourg, Rue Lamartine, architecture",Paris 8,"Paris 8, France / Paris n.8, France",,Walk,Paris,FR - PARIS 8,,10/03/2023,Xianxin,
Germany,,Hamburg 1,"Germany, Hamburg, City, architecture, monument, buildings, historical",Hamburg / Hambourg 1,"Rathausmarkt, Hamburg, Germany / Hambourg, Allemagne",,Walk,Hamburg,DE - HAMBURG 1,,07/07/2023,Mark,
Germany,,Hamburg 2,"Germany, Hamburg, Park, garden, flowers, city",Hamburg / Hambourg 2,"Planten un Blomen, Hamburg, Germany / Hambourg, Allemagne",,Walk,Hamburg,DE - HAMBURG 2,,07/07/2023,Mark,
Germany,,Hamburg 3,"Germany, Hamburg, River, city, buildings, boat",Hamburg / Hambourg 3,"Elbe River Cruise / Croisière sur l' Elbe, Hamburg, Germany / Hambourg, Allemagne",,Boat,Hamburg,DE - HAMBURG 3,,07/07/2023,Mark,
Greece,,Aegean Islands,"Greece, Aegean Islands, Aegean Sea, Mediterranean, Milos, Santorini, Boats,  history, architecture, mountains, summer, nature, hike",Greece 1/Grèce n.1,"Aegean Islands, Greece / Les Îles de la Mer Égée, Grèce",,Walk,,GR - AEGEAN ISLANDS,,10/09/2022,David's daughter Alexandria,
Guatemala,,Guatemala 1,"Guatemala, Antigua, Garden, flowers, trees, paths, nature",Guatemala 1,"Private Garden / Jardin Privé, Antigua, Guatemala",,Walk,Antigua,GT1,,27/06/2023,Lisa,
Guatemala,,Guatemala 2,"Guatemala, Santa Maria de Jésus, School, children, drive, town, volcano",Guatemala 2,"Drive to / En auto à Santa María de Jésus, Guatemala",,Drive,,GT2,,27/06/2023,Lisa,
Guatemala,,Guatemala 3,"Guatemala, Antigua, Market, shopping",Guatemala 3,"Market / Marché, Antigua, Guatemala",,Walk,Antigua,GT3,,27/06/2023,Lisa,
Guatemala,,Guatemala 4,"Guatemala, Antigua, homes, Volcano, garden, road, flowers",Guatemala 4,"Quiet Neighbourhood / Quartier Calme, Antigua, Guatemala",,Walk,Antigua,GT4,,27/06/2023,Lisa,
Guatemala,,Guatemala 5,"Guatemala, Antigua, City, garden, park, fountain, architecture, buildings, history",Guatemala 5,"Parque Central, Antigua, Guatemala",,Walk,Antigua,GT5,,27/06/2023,Lisa,
Guatemala,,Guatemala 6,"Guatemala, Antigua, City, architecture, buildings, church, history",Guatemala 6,"Walk / Promenade, Antigua, Guatemala",,Walk,Antigua,GT6,,27/06/2023,Lisa,
Guatemala,,Guatemala 7,"Guatemala, Antigua, Caoba Farms, farm, garden, animals, flowers, nature, trees",Guatemala 7,"Caoba Organic Farm / Ferme Bio Caoba, Antigua, Guatemala",,Walk,Antigua,GT7,,27/06/2023,Lisa,
Italy,,A Walk in Venice,"Italy, Venice, walk, shopping",Venice 6,"A Walk in Venice, Italy / Promenade à Venise, Italie",,Walk,Venice,IT - VENICE 6,,16/03/2023,Xianxin,
Italy,,Amalfi Drive 1,"Italy, Amalfi, drive, summer",Amalfi 1,"Amalfi Drive 1, Italy / Amalfi en auto n.1, Italie",,Drive,,IT - AMALFI DRIVE 1,14,04/05/2022,Isaac,
Italy,,Amalfi Drive 2,"Italy, Amalfi, drive, summer",Amalfi 2,"Amalfi Drive 2, Italy / Amalfi en auto n.2, Italie",,Drive,,IT - AMALFI DRIVE 2,15,04/05/2022,Isaac,
Italy,,Amalfi Walk,"Italy, Amalfi, walk, beach, waterfront, summer",Amalfi 3,"Amalfi, Italy / Amalfi, Italie",,Walk,,IT - AMALFI WALK,1,04/05/2022,Isaac,
Italy,,Appian Way,"Italy, Rome, Appian Way, ancient Rome, bike ride",Via Appia,"Appian Way Bike Ride, Rome, Italy / la voie appienne à vélo, Rome, Italie",,Bike,,IT - APPIAN WAY BIKE,93,04/05/2022,Isaac,
Italy,,Aqueduct Park 1,"Italy, Rome, Aquaduct Park, ancient history",Rome 3,"Rome 3, Aqueduct Park, Rome, Italy / Rome n.3, Le parc aqueduc, Rome, Italie",,Walk,,IT - ROME 3 AQUEDUCT PARK,96,04/05/2022,Isaac,
Italy,,Aqueduct Park 2,"Italy, Rome, Aquaduct Park, ancient history",Rome 4,"Rome 4, Aqueduct Park, Rome, Italy / Rome n.4, Le parc aqueduc, Rome, Italie",,Walk,,IT - ROME 4 AQUEDUCT PARK,98,04/05/2022,Isaac,
Italy,,Aragonese Castle 1,"Italy, Ischia, Aragonese Castle, Mediterranean Sea",Castello Aragonese 1,"Aragonese Castle 1, Ischia, Italy / Le Château Aragonais n.1, Ischia , Italie",,Walk,,IT - ARAGONESE CASTLE 1,40,04/05/2022,Isaac,
Italy,,Aragonese Castle 2,"Italy, Ischia, Aragonese Castle",Castello Aragonese 2,"Aragonese Castle 2, Ischia, Italy / Le Château Aragonais n.2, Ischia , Italie",,Walk,,IT - ARAGONESE CASTLE 2,41,04/05/2022,Isaac,
Italy,,Assisi 1,"Italy, Assisi, Architecture",Assisi /Assise 1,"Assisi 1, Italy / Assise n.1, Italie",,Walk,,IT - ASSISI 1,44,04/05/2022,Isaac,
Italy,,Assisi 2,"Italy, Assisi,  Architecture",Assisi /Assise 2,"Assisi 2, Italy / Assise n.2, Italie",,Walk,,IT - ASSISI 2,45,04/05/2022,Isaac,
Italy,,Burano,"Italy, Burano, boats, canals",Burano,"Burano, Venice, Italy / Burano, Venise, Italie",,Walk,,"IT - BURANO, ITALY",87,04/05/2022,Isaac,
Italy,,Capri 1,"Italy, Capri, Bike ride",Capri 1,"Capri Bike Ride 1, Naples, Italy / Capri à vélo n.1, Naples, Italie",,Bike,,IT - CAPRI BIKE RIDE 1,88,04/05/2022,Isaac,
Italy,,Capri 2,"Italy, Capri, Bike ride",Capri 2,"Capri Bike Ride 2, Naples, Italy / Capri à vélo n.2, Naples, Italie",,Bike,,IT - CAPRI BIKE RIDE 2,89,04/05/2022,Isaac,
Italy,,Civita di Bagnoregio,"Italy, Civita di Bagnoregio, small town, Architecture",Civita di Bagnoregio,"Civita Di Bagnoregio, Italy/Italie",,Walk,,IT - CIVITA DI BAGNOREGIO,58,04/05/2022,Isaac,
Italy,,Colosseum,"Italy, Rome, Colosseum, ancient history",Il Colosseo,"The Colosseum, Rome, Italy / Le Colisée, Rome, Italie",,Walk,Rome,"IT - COLOSSEUM, ROME",57,04/05/2022,Isaac,
Italy,,Florence 1,"Italy, Florence",Florence 1,"Florence 1, Italy / Florence n. 1, Italie",,Walk,Florence,IT - FLORENCE 1,16,04/05/2022,Isaac,
Italy,,Florence 2,"Italy, Florence",Florence 2,"Florence 2, Italy / Florence n. 2, Italie",,Walk,Florence,IT - FLORENCE 2,17,04/05/2022,Isaac,
Italy,,Herculaneum 1,"Italy, Campagna, Herculaneum, architecture, ancient history",Herculaneum 1,"Herculaneum 1, Campagna, Italy / Herculanum n.1, Campanie, Italie",,Walk,,IT - HERCULANEUM 1,99,04/05/2022,Isaac,
Italy,,Herculaneum 2,"Italy, Campagna, Herculaneum, architecture, ancient history",Herculaneum 2,"Herculaneum 2, Campagna, Italy / Herculanum n.2, Campanie, Italie",,Walk,,IT - HERCULANEUM 2,100,04/05/2022,Isaac,
Italy,,Lucca Wall,"Italy, Lucca, Bike path, ancient history, park",Lucca,"The Walls of Lucca Bike Ride, Italy / Longer à vélo les Murs de Lucca, Italie",,Bike,,IT - LUCCA WALL BIKE RIDE,84,04/05/2022,Isaac,
Italy,,Matera 1,"Italy, Matera, small town, architecture, summer",Matera 1,"Matera 1, Italy / Matera n.1, Italie",,Walk,,IT - MATERA 1,26,04/05/2022,Isaac,
Italy,,Matera 2,"Italy, Matera, small town, architecture, summer",Matera 2,"Matera 2, Italy / Matera n.2, Italie",,Walk,,IT - MATERA 2,27,04/05/2022,Isaac,
Italy,,Matera 3,"Italy, Matera, small town, architecture, summer",Matera 3,"Matera 3, Italy / Matera n.3, Italie",,Walk,,IT - MATERA 3,28,04/05/2022,Isaac,
Italy,,Monte Solaro 1,"Italy, Monte Solaro, Mountain, trail, path",Monte Solaro 1,"Monte Solaro 1, Italy / Monte Solaro n.1, Italie",,Walk,,IT - MONTE SOLARO 1,4,04/05/2022,Isaac,
Italy,,Monte Solaro 2,"Italy, Monte Solaro, Mountain",Monte Solaro 2,"Monte Solaro 2, Italy / Monte Solaro n.2, Italie",,Walk,,IT - MONTE SOLARO 2,5,04/05/2022,Isaac,
Italy,,Mt Vesuvius 1,"Italy, Mount Vesuvius, Mountain, trail",Vesuvius 1,"Mount Vesuvius 1, Italy / Le Mont Vésuve n.1, Italie",,Walk,,IT - MOUNT VESUVIUS 1,20,04/05/2022,Isaac,
Italy,,Mt Vesuvius 2,"Italy, Mount Vesuvius, Mountain, trail",Vesuvius 2,"Mount Vesuvius 2, Italy / Le Mont Vésuve n.2, Italie",,Walk,,IT - MOUNT VESUVIUS 2,21,04/05/2022,Isaac,
Italy,,Naples Via Chiaia 1,"Italy, Naples, Via Chiaia, shopping, walk",Naples 1,"Via Chiaia 1, Naples, Italy / Via Chiaia n. 1, Naples, Italie",,Walk,,IT - NAPLES VIA CHIAIA 1,82,04/05/2022,Isaac,
Italy,,Naples Via Chiaia 2,"Italy, Naples, Via Chiaia, shopping, walk",Naples 2,"Via Chiaia 2, Naples, Italy / Via Chiaia n. 2, Naples, Italie",,Walk,,IT - NAPLES VIA CHIAIA 2,68,04/05/2022,Isaac,
Italy,,Naples Waterfront 1,"Italy, Naples, waterfront, boats, summer",Naples 3,"Naples Waterfront 1, Italy / Au bord de la mer n.1, Naples, Italie",,Walk,,IT - NAPLES WATERFRONT 1,67,04/05/2022,Isaac,
Italy,,Naples Waterfront 2,"Italy, Naples, waterfront, boats, summer",Naples 4,"Naples Waterfront 2, Italy / Au bord de la mer n.2, Naples, Italie",,Walk,,IT - NAPLES WATERFRONT 2,80,04/05/2022,Isaac,
Italy,,Naples Waterfront 3,"Italy, Naples, waterfront, boats, summer",Naples 5,"Naples Waterfront 3, Italy / Au bord de la mer n.3, Naples, Italie",,Walk,,IT - NAPLES WATERFRONT 3,75,04/05/2022,Isaac,
Italy,,Paestum,"Italy, Paestum, ancient history, architecture",Paestum,"Paestum, Italy / Paestum, Italie",,Walk,,"IT - PAESTUM, ITALY",50,04/05/2022,Isaac,
Italy,,Palermo 1,"Italy, Palermo, bike ride",Palermo 1,"Palermo Bike Ride 1, Italy / À vélo à Palerme n.1, Italie",,Bike,,IT - PALERMO BIKE RIDE 1,85,04/05/2022,Isaac,
Italy,,Palermo 2,"Italy, Palermo, bike ride",Palermo 2,"Palermo Bike Ride 2, Italy / À vélo à Palerme n.2, Italie",,Bike,,IT - PALERMO BIKE RIDE 2,86,04/05/2022,Isaac,
Italy,,Path of the Gods 1,"Italy, Positano, Path of the Gods, Hike, Mediterranean, nature",Positano 1,"Path of the Gods 1, Positano, Italy / Le Sentier des Dieux n.1, Positano, Italie",,Walk,,IT - PATH OF THE GODS 1,51,04/05/2022,Isaac,
Italy,,Path of the Gods 2,"Italy, Positano, Path of the Gods, Hike, Mediterranean, nature",Positano 2,"Path of the Gods 2, Positano, Italy / Le Sentier des Dieux n.2, Positano, Italie",,Walk,,IT - PATH OF THE GODS 2,52,04/05/2022,Isaac,
Italy,,Path of the Gods 3,"Italy, Positano, Path of the Gods, Hike, Mediterranean, nature",Positano 3,"Path of the Gods 3, Positano, Italy / Le Sentier des Dieux n.3, Positano, Italie",,Walk,,IT - PATH OF THE GODS 3,53,04/05/2022,Isaac,
Italy,,Phoenician Steps 1,"Italy, Capri, Phoenician Steps, Mediterranean Sea",La Scala Fenicia 1,"Phoenician Steps 1, Capri, Italy / L'escalier Phénicien n.1, Capri, Italie",,Walk,,IT - PHOENICIAN STEPS 1,36,04/05/2022,Isaac,
Italy,,Phoenician Steps 2,"Italy, Capri, Phoenician Steps, Mediterranean Sea",La Scala Fenicia 2,"Phoenician Steps 2, Capri, Italy / L'escalier Phénicien n.2, Capri, Italie",,Walk,,IT - PHOENICIAN STEPS 2,37,04/05/2022,Isaac,
Italy,,Pitigliano 1,"Italy, Pitigliano, small town, architecture",Pitigliano 1,"Pitigliano 1, Italy / Pitigliano n.1, Italie",,Walk,,IT - PITIGLIANO 1,38,04/05/2022,Isaac,
Italy,,Pitigliano 2,"Italy, Pitigliano, small town, architecture",Pitigliano 2,"Pitigliano 2, Italy / Pitigliano n.2, Italie",,Walk,,IT - PITIGLIANO 2,39,04/05/2022,Isaac,
Italy,,Pompeii 1,"Italy, Campagna, Pompeii, ancient history, architecture, ruins",Pompeii 1,"Pompeii 1, Campagna, Italy / Pompéi n.1, Campanie, Italie",,Walk,,IT - POMPEII 1,48,04/05/2022,Isaac,
Italy,,Pompeii 2,"Italy, Campagna, Pompeii, ancient history, architecture, ruins",Pompeii 2,"Pompeii 2, Campagna, Italy / Pompéi n.2, Campanie, Italie",,Walk,,IT - POMPEII 2,49,04/05/2022,Isaac,
Italy,,Ponza 1,"Italy, Ponza, Mediterranean Sea, boats, harbour",Ponza 1,"Ponza 1, Italy /Ponza n.1, Italie",,Walk,,IT - PONZA 1,55,04/05/2022,Isaac,
Italy,,Ponza 2,"Italy, Ponza, small town, architecture",Ponza 2,"Ponza 2, Italy /Ponza n.2, Italie",,Walk,,IT - PONZA 2,56,04/05/2022,Isaac,
Italy,,Portofino 1,"Italy, Portofino, harbour, boats",Portofino 1,"Portofino 1, Italy / Portofino n.1, Italie",,Walk,,IT - PORTOFINO 1,94,04/05/2022,Isaac,
Italy,,Portofino 2,"Italy, Portofino, harbour, boats",Portofino 2,"Portofino 2, Italy / Portofino n.2, Italie",,Walk,,IT - PORTOFINO 2,97,04/05/2022,Isaac,
Italy,,Portofino 3,"Italy, Portofino, bike ride",Portofino 3,"Portofino 3, by bike, Italy / Portofino n.3,  à vélo, Italie",,Bike,,IT - PORTOFINO 3 BY BIKE,92,04/05/2022,Isaac,
Italy,,Procida 1,"Italy, Campania, Procida, waterfront",Procida 1,"Procida 1, Campania, Italy / Procida n.1, Campanie, Italie",,Walk,,IT - PROCIDA 1,18,04/05/2022,Isaac,
Italy,,Procida 2,"Italy, Campania, Procida, waterfront",Procida 2,"Procida 2, Campania, Italy / Procida n.2, Campanie, Italie",,Walk,,IT - PROCIDA 2,19,04/05/2022,Isaac,
Italy,,Procida Bike Ride 1,"Italy, Campania, Procida, waterfront, bike ride",Procida 3,"Procida 3, Bike Ride, Campania, Italy / Procida 3, à vélo, Campanie, Italie",,Bike,,IT - PROCIDA 3 BY BIKE,91,04/05/2022,Isaac,
Italy,,Procida Bike Ride 2,"Italy, Campania, Procida, waterfront, bike ride",Procida 4,"Procida 4, Bike Ride, Campania, Italy / Procida 4, à vélo, Campanie, Italie",,Bike,,IT - PROCIDA 4 BY BIKE,90,04/05/2022,Isaac,
Italy,,Roman Forum 1,"Italy, Rome, Roman Forum, ancient history",Rome 1,"Roman Forum 1, Rome, Italy / Le Forum de Rome n.1, Rome, Italie",,Walk,,IT - ROMAN FORUM 1,59,04/05/2022,Isaac,
Italy,,Roman Forum 2,"Italy, Rome, Roman Forum, ancient history",Rome 2,"Roman Forum 2, Rome, Italy / Le Forum de Rome n.2, Rome, Italie",,Walk,,IT - ROMAN FORUM 2,60,04/05/2022,Isaac,
Italy,,Rome River Ride,"Italy, Rome, Tiber Cycling Lane, river, bike ride",Rome 5,"Tiber Cycling Lane, Rome, Italy / À vélo sur les rives du Tibre, Rome, Italie",,Bike,,IT - ROME 5 TIBER CYCLING LANE,72,04/05/2022,Isaac,
Italy,,Sant Angelo 1,"Italy, Naples, Sant Angelo, Waterfront",Sant Angelo 1,"Sant Angelo 1, Naples, Italy / Sant Angelo n.1, Naples, Italie",,Walk,,IT - SANT ANGELO 1,42,04/05/2022,Isaac,
Italy,,Sant Angelo 2,"Italy, Naples, Sant Angelo, Waterfront",Sant Angelo 2,"Sant Angelo 2 Naples, Italy / Sant Angelo n.2, Naples, Italie",,Walk,,IT - SANT ANGELO 2,43,04/05/2022,Isaac,
Italy,,Sasseto Forest 1,"Italy, Sasseto Forest, hike, nature, trail",Sasseto 1,"Sasseto Forest 1, Italy / La Forêt de Sasseto n.1, Italie",,Walk,,IT - SASSETO FOREST 1,32,04/05/2022,Isaac,
Italy,,Sasseto Forest 2,"Italy, Sasseto Forest, hike, nature, trail",Sasseto 2,"Sasseto Forest 2, Italy / La Forêt de Sasseto n.2, Italie",,Walk,,IT - SASSETO FOREST 2,33,04/05/2022,Isaac,
Italy,,Sermoneta 1,"Italy, Sermoneta, small town, architecture",Sermoneta 1,"Sermoneta 1, Italy / Sermoneta n.1, Italie",,Walk,,IT - SERMONETA 1,34,04/05/2022,Isaac,
Italy,,Sermoneta 2,"Italy, Sermoneta, small town, architecture",Sermoneta 2,"Sermoneta 2, Italy / Sermoneta n.2, Italie",,Walk,,IT - SERMONETA 2,35,04/05/2022,Isaac,
Italy,,Sorrento 1,"Italy, Sorrento",Sorrento 1,"Sorrento 1, Italy / Sorrente n.1, Italie",,Walk,,IT - SORRENTO 1,0,04/05/2022,Isaac,
Italy,,Sorrento 2,"Italy, Sorrento",Sorrento 2,"Sorrento 2, Italy / Sorrente n.2, Italie",,Walk,,IT - SORRENTO 2,63,04/05/2022,Isaac,
Italy,,Sorrento 3,"Italy, Sorrento",Sorrento 3,"Sorrento 3, Italy / Sorrente n.3, Italie",,Walk,,IT - SORRENTO 3,54,04/05/2022,Isaac,
Italy,,Venice Canals 1,"Italy, Venice, Canals",Venice 1,"Venice Canals 1, Italy / Les canaux de Venise n.1, Italie",,Boat,,IT - VENICE CANALS 1,61,04/05/2022,Isaac,
Italy,,Venice Canals 2,"Italy, Venice, Canals",Venice 2,"Venice Canals 2, Italy / Les canaux de Venise n.2, Italie",,Boat,,IT - VENICE CANALS 2,62,04/05/2022,Isaac,
Italy,,Venice Night Walk 1,"Italy, Venice, Canals, night, shopping",Venice 3,"Venice Night Walk 1, Italy / Nuit à Venise, Promenade n.1, Italie",,Walk,,IT - VENICE NIGHT WALK 1,64,04/05/2022,Isaac,
Italy,,Venice Night Walk 2,"Italy, Venice, Canals, night, shopping",Venice 4,"Venice Night Walk 2, Italy / Nuit à Venise, Promenade n.2, Italie",,Walk,,IT - VENICE NIGHT WALK 2,65,04/05/2022,Isaac,
Italy,,Venice Night Walk 3,"Italy, Venice, Canals, night, shopping",Venice 5,"Venice Night Walk 3, Italy / Nuit à Venise, Promenade n.3, Italie",,Walk,,IT - VENICE NIGHT WALK 3,66,04/05/2022,Isaac,
Italy,,Via Tiberio 1,"Italy, Capri, Via Tiberio, Mediterranean Sea",Via Tiberio 1,"Via Tiberio 1, Capri, Italy / Via Tiberio n.1, Capri, Italie",,Walk,,IT - VIA TIBERIO 1,2,04/05/2022,Isaac,
Italy,,Via Tiberio 2,"Italy, Capri, Via Tiberio, Mediterranean Sea",Via Tiberio 2,"Via Tiberio 2, Capri, Italy / Via Tiberio n.2, Capri, Italie",,Walk,,IT - VIA TIBERIO 2,3,04/05/2022,Isaac,
Japan,,2 Shinto Shrines,"Japan, Aichi, Temples, Shinto, Shrines, Hotta Inari Shrine, Toyoishi Shrine, residential area, drone, torii, park, garden, trees, funny",Shinto Shrines/Temples Shintoïstes,"2 Shinto Shrines, Aichi, Japan / 2 Temples Shintoïstes, Aichi, Japon",2 神社・愛知県 日本,Drone,,JP - SHINTO SHRINES,re-edited with Japanese titles Sept 2024,09/12/2022,Mark,new version 09/2024
Japan,,Akihabara 1,"Japan, Tokyo, Akihabara, City, shopping, streets, billboards",Akihabara 1,"Akihabara 1, Tokyo, Japan / Akihabara n.1, Tokyo, Japon",秋葉原 1、東京、日本,Walk,Tokyo,JP - AKIHABARA 1,re-edited with Japanese titles Sept 2024,09/12/2022,Mark,new version 09/2024
Japan,,Akihabara 2,"Japan, Tokyo, Akihabara, City, shopping, streets, billboards",Akihabara 2,"Akihabara 2, Tokyo, Japan / Akihabara n.2, Tokyo, Japon",秋葉原 2、東京、日本,Walk,Tokyo,JP - AKIHABARA 2,re-edited with Japanese titles Sept 2024,09/12/2022,Mark,new version 09/2024
Japan,,Ginkaku-ji 1,"Japan, Kyoto, Ginkaku-ji, Temple, park, stroll, history, architecture, nature, trees, gardens, bonsai, forest",Ginkaku-ji 1,"The Silver Temple #1, Kyoto, Japan / Le Pavillion D'Argent No.1, Kyoto, Japon",銀閣寺 1,Walk,Kyoto,JP - GINKAKU-JI 1,,05/09/2024,Mark,
Japan,,Ginkaku-ji 2,"Japan, Kyoto, Ginkaku-ji, Nature, park, trees, pond, mountains, forest, garden, history, moss",Ginkaku-ji 2,"The Silver Temple #2, Kyoto, Japan / Le Pavillion D'Argent No.2, Kyoto, Japon",銀閣寺 2,Walk,Kyoto,JP - GINKAKU-JI 2,,05/09/2024,Mark,
Japan,,Gion Matsuri,"Japan, Kyoto, Gion Matsuri, Festival, parade, floats, history, art, sculpture, city, streets, traditional costumes",Gion Matsuri,"Gion Festival, Kyoto, Japan / Festival Gion, Kyoto, Japon",祇園祭,Walk,Kyoto,JP - GION FESTIVAL,,05/09/2024,Hiro,
Japan,,Kinkaku-Ji,"Japan, Kyoto, Golden Temple, park, stroll, history, nature, trees, garden, pond",Kinkaku-Ji,"The Golden Temple, Kyoto, Japan / Le Temple du Pavillion d'or, Kyoto, Japon",金閣寺,Walk,Kyoto,JP - KINKAKU-JI,,05/09/2024,Mark,
Japan,,Kiyomizu-Dera,"Japan, Kyoto, Kiyomizu-Dera, Buddhism, Temple, architecture, history, trees, bamboo forest, fountain, garden, pond",Kiyomizu-Dera,"Kiyomizu-Dera in the rain, Kyoto, Japan / Kiyomizu-Dera sous la pluie, Kyoto, Japon",雨の中の清水寺,Walk,Kyoto,JP - KIYOMIZU-DERA,,05/09/2024,Mark,
Japan,,Nagoya Expressways,"Japan, Nagoya, Expressways, Highways, driving, cars, city, buildings",Nagoya Autoroutes,"Expressways, Nagoya, Japan / Autoroutes, Nagoya, Japon",名古屋自動車道,Drive,Nagoya,JP - NAGOYA EXPRESSWAYS,re-edited with Japanese titles Sept 2024,19/12/2022,Mark,new version 09/2024
Japan,,Philospher's Walk,"Japan, Kyoto, Philosopher's Walk, stroll, park, path, trees, river, canal, city",Philosopher's Walk /Promenade du philosophe,"Philosopher's Walk, Kyoto, Japan / Promenade du philosophe, Kyoto, Japon",哲学の道,Walk,Kyoto,JP - PHILOSOPHER_S WALK,,05/09/2024,Mark,
Japan,,Senso-Ji ,"Japan, Tokyo, Senso-Ji, Temple, Buddhism, Nakamise-dori, history, architecture",Senso-Ji,"Senso-Ji Temple, Tokyo, Japan / Temple Senso-Ji, Tokyo, Japan",浅草寺,Walk,Tokyo,JP - SENSO-JI,,05/09/2024,Mark,
Japan,,Shiba Park & Tokyo Tower,"Japan, Tokyo, Shiba Park, Tokyo Tower, architecture, garden, park, trees, shrine",Shiba Park/Parc - Tokyo Tower/Tour,"Shiba Park & Tokyo Tower, Tokyo, Japan / Parc Shiba et Tour de Tokyo, Tokyo, Japon",芝公園と東京タワー,Walk,Tokyo,JP - SHIBA PARK & TOKYO TOWER,,05/09/2024,Mark,
Japan,,Walk to Kita-No-Maru Park,"Japan, Tokyo, bookstores, stroll, city, park, history",Kita-No-Maru,"Walk to Kita-No-Maru Park, Tokyo, Japan / Promenade au parc Kita-No-Maru, Tokyo, Japon",北の丸公園まで歩く,Walk,Tokyo,JP - KINKAKU-JI,,05/09/2024,Mark,
Japan,,Zenko-Ji,"Japan, Nagano, Temple, architecture, religion, Buddhism, history, shopping",Zenko-Ji,"Zenko-Ji Temple, Nagano, Japan  /Temple Zenko-Ji, Nagano, Japon","善光寺, 長野県, 日本",Walk,Nagano,,,23/09/2024,Hiro,
Portugal,,Portugal 1,"Portugal, Costa da Caparica, Beach, Atlantic Ocean, Boardwalk, stroll, drone, jetty, waves, sunset",Portugal 1,"Evening Walk / Promenade en soirée , Costa da Caparica, Portugal",,Walk,,,,25/04/2023,Mark,
Portugal,,Portugal 2,"Portugal, Lisbon, Praça do Comércio, architecture, drone, city square, plaza, tiles, mosaic, art, sculpture, monument",Portugal 2,"Praça do Comércio, Lisbon / Lisbonne, Portugal",,Walk,Lisbon,,,25/04/2023,Mark,
Portugal,,Portugal 3,"Portugal, Lisbon, Praça do Rossio, Market, shopping, architecture, sqaure, plaza, monument,  tiles, mosaic",Portugal 3,"Walk to the Praça do Rossio / Promenade au Praça do Rossio, Lisbon /Lisbonne, Portugal",,Walk,Lisbon,,,25/04/2023,Mark,
Portugal,,Portugal 4,"Portugal, Costa da Caparica, drone, stroll, residential, trees",Portugal 4,"Above Costa da Caparica /Au-dessus de Costa da Caparica, Portugal",,Drone,,,plus walk,25/04/2023,Mark,
Portugal,,Portugal 5,"Portugal, Sintra, Moorish Castle, history, architecture, trees, mountains, view, drone",Portugal 5,"Moorish Castle / Le Château des Maures, Sintra, Portugal",,Walk,Sintra,,,25/04/2023,Mark,
Portugal,,Portugal 6,"Portugal, Lisbon, waterfront, Atlantic Ocean, dreon, stroll, boats, sailboats, Tagus River, ferry",Portugal 6,"Lisbon Waterfront / Au bord de l'eau à Lisbonne, Portugal",,Drone,Lisbon,,plus walk & ferry,25/04/2023,Mark,
Portugal,,Portugal 7,"Portugal, Trafaria, stroll, houses, boats, River Tagus, Atlantic Ocean, beach",Portugal 7,"Trafaria, Portugal",,Drone,,,plus walk,25/04/2023,Mark,
Portugal,,Portugal 8,"Portugal, Lisbon, Almada, Christo Rei Statue, trees, park, monument",Portugal 8,"Cristo Rei Statue / Statue du Cristo Rei, Almada, Portugal",,Walk,Almada,,plus drone,25/04/2023,Mark,
Portugal,,Portugal 9,"Portugal, Lisbon, Alcantara, residential, architecture, stroll, houses, streets",Portugal 9,"Alcântara, Lisbon / Lisbonne, Portugal",,Walk,Lisbon,,,25/04/2023,Mark,
Portugal,,Portugal 10,"Portugal, Sintra, National Palace of Pena, Castle, architecture, history, tiles, mosaic, view, trees, nature",Portugal 10,"Park & National Palace of Pena / Parc et Palais national de Pena, Sintra, Portugal",,Walk,Sintra,,,25/04/2023,Mark,
Portugal,,Portugal 11,"Portugal, Lisbon, Chiado, stroll, walk, streets, tiles, mosaic, architecture",Portugal 11,"Chiado, Lisbon / Lisbonne, Portugal",,Walk,Lisbon,,,25/04/2023,Mark,
South Korea,,South Korea 1,"South Korea, Seoul, highway, tunnels, drive, summer, cars",South Korea/ Corée du Sud 1,"Seoul, South Korea 1 / Corée du Sud n.1 ",,Drive,,KR - SOUTH KOREA 1,,17/06/2022,Sunny,
South Korea,,South Korea 2,"South Korea, Wonju, Dasu-Ri,  highway, countryside, drive, summer, mountains, trees, farms",South Korea/ Corée du Sud 2,"Wonju to / á Dasu-Ri, South Korea 2 / Corée du Sud n.2 ",,Drive,,KR - SOUTH KOREA 2,,17/06/2022,Sunny,
South Korea,,South Korea 3,"South Korea, Dasu-Ri, Anheung-Ri, Uhang-Ri, highway, countryside, drive, summer, mountains, trees, farms",South Korea/ Corée du Sud 3,"Dasu-Ri - Anheung-Ri - Uhang-Ri, South Korea 3 / Corée du Sud n.3 ",,Drive,,KR - SOUTH KOREA 3,,17/06/2022,Sunny,
South Korea,,South Korea 4,"South Korea,  Hwagae, Gwangpyeong-Ri, highway, countryside, drive, summer, mountains, trees, farms, river",South Korea/ Corée du Sud 4,"Hwagae to / á Gwangpyeong-Ri, South Korea 4 / Corée du Sud n.4",,Drive,,KR - SOUTH KOREA 4,,17/06/2022,Sunny,
South Korea,,South Korea 5,"South Korea, Tongyeong, Jinju, highway, drive, summer, mountains, ",South Korea/ Corée du Sud 5,"Tongyeong to / á Jinju, South Korea 5 / Corée du Sud n.5",,Drive,,KR - SOUTH KOREA 5,,17/06/2022,Sunny,
South Korea,,South Korea 6,"South Korea, Seoul, Tongyeong, walk, summer, park, riverside, trees, flowers, waterfront, ocean, boats",South Korea/ Corée du Sud 6,"Seoul & Tongyeong, South Korea 6 / Corée du Sud n.6 ",,Walk,,KR - SOUTH KOREA 6,,17/06/2022,Sunny,
South Korea,,South Korea 7,"South Korea, Seogwepo, Jeju, highway, drive, trees, summer, palm trees",South Korea/ Corée du Sud 7,"Seogwipo, Jeju,  South Korea 7 / Corée du Sud n.7",,Drive,,KR - SOUTH KOREA 7,,17/06/2022,Sunny,
Switzerland,,Zurich Bike Ride 1,"Switzerland, Zurich, residential, streets, bike ride, autumn, fall, architecture, tunnel",Zurich 1,"Zurich Bike Ride 1, Switzerland / Zurich à vélo 1, Suisse",,Bike,Zurich,CH - ZURICH BIKE RIDE 1,,04/05/2022,Juhie,
Switzerland,,Zurich Bike Ride 2,"Switzerland, Zurich, autumn, fall, streets, bike ride, downtown",Zurich 2,"Zurich Bike Ride 2, Switzerland / Zurich à vélo 2, Suisse",,Bike,Zurich,CH - ZURICH BIKE RIDE 2,,04/05/2022,Juhie,
Switzerland,,Zurich Bike Ride 3,"Switzerland, Zurich, residential, streets, bike ride, Limmat River, riverside, trees, bridges, autumn, fall",Zurich 3,"Zurich Bike Ride 3, Switzerland / Zurich à vélo 3, Suisse",,Bike,Zurich,CH - ZURICH BIKE RIDE 3,,04/05/2022,Juhie,
Switzerland,,Zurich Bike Ride 4,"Switzerland, Zurich, residential, streets, bike ride, Limmat River, riverside, trees, bridges, autumn, fall",Zurich 4,"Zurich Bike Ride 4, Switzerland / Zurich à vélo 4, Suisse",,Bike,Zurich,CH - ZURICH BIKE RIDE 4,,,Juhie,
Thailand,,Bangkok Markets,"Thailand, Bangkok, market, night market",Bangkok 1,"Bangkok Markets, Thailand / Marchés de Bangkok, Thaïlande",,Walk,Bangkok,TH - BANGKOK MARKETS,,07/09/2023,David's nephew Michael Pastor,
Thailand,,Bangkok Streets,"Thailand, Bangkok, city, motorcycles, architecture",Bangkok 2,"Bangkok Streets, Thailand / Rues de Bangkok, Thaïlande",,Walk,Bangkok,TH - BANGKOK STREETS,,07/09/2023,David's nephew Michael Pastor,
USA,California,Highway 152 ,"USA, California, Highway 152, mountains, highway, drive",Highway 152 / Autoroute 152 ,"Highway 152 / Autoroute 152, California USA / Californie, États-Unis",,Drive,,,,07/07/2023,YiFei,
USA,California,Pacheco Pass,"USA, California, Pacheco Pass, Highway, mountains, drive",Pacheco Pass / Col Pacheco,"Pacheco Pass Highway / Autoroute du Col Pacheco, California, USA / Californie, États-Unis",,Drive,,,,07/07/2023,YiFei,
USA,California,San Francisco 1,"USA, California, San Francisco, San Francisco Bay, Pacific Ocean, summer, waterfront, boats, bicycles, walk",San Francisco 1,"San Francisco 1, California, USA / San Francisco n.1, Californie, États-Unis",,Walk,San Francisco,US - CA - SAN FRANCISCO 1,6,04/05/2022,Isaac,
USA,California,San Francisco 2,"USA, California, San Francisco, San Francisco Bay, Pacific Ocean, Golden Gate Bridge, beach, dogs, summer, waterfront, bicycles, walk",San Francisco 2,"San Francisco 2, California, USA / San Francisco n.2, Californie, États-Unis",,Walk,San Francisco,US - CA - SAN FRANCISCO 2,7,04/05/2022,Isaac,
USA,California,San Francisco 3,"USA, California, San Francisco, Chinatown, walk",San Francisco 3,"San Francisco 3, California, USA / San Francisco n.3, Quartier Chinois, Californie, États-Unis",,Walk,San Francisco,US - CA - SAN FRANCISCO 3,8,04/05/2022,Isaac,
USA,California,San Francisco 4,"USA, California, San Francisco, Chinatown, walk, shopping",San Francisco 4,"San Francisco 4, Chinatown, California, USA / San Francisco n.4, Quartier Chinois, Californie, États-Unis",,Walk,San Francisco,US - CA - SAN FRANCISCO 4,9,04/05/2022,Isaac,
USA,California,Topanga Canyon 1,"USA, California, Topanga Canyon, Hike, mountains, nature, rocks",Topanga Canyon 1,"Topanga Canyon 1 / n.1, California / Californie",,Walk,,,,07/07/2023,David Serber,
USA,California,Topanga Canyon 2,"USA, California, Topanga Canyon, Hike, mountains, nature",Topanga Canyon 2,"Topanga Canyon 2 / n.2, California / Californie",,Walk,,,,07/07/2023,David Serber,
USA,California,Venice Beach L.A.,"USA, California, Los Angeles, L.A., Venice Beach, Palm trees, skateboarding, city",Venice Beach,"Walk to / Promenade à Venice Beach, Los Angeles, California / Californie",,Walk,Los Angeles,,,07/07/2023,YiFei,
USA,California,Yosemite Park 1,"USA, California, Yosemite Park, trees, nature, forest, mountains, drive, riverside",Yosemite 1,"Yosemite Park 1 / Parc Yosemite 1, California, USA / Californie, États-Unis",,Drive,,,,08/07/2023,YiFei,
USA,California,Yosemite Park 2,"USA, California, Yosemite Park, Mist Trail, trees, nature, forest, hike, mountains",Yosemite 2,"Yosemite Park 2 / Parc Yosemite 2, California, USA / Californie, États-Unis",,Walk,,,,07/07/2023,YiFei,
USA,Illinois,"Chicago 1, Michigan Avenue","USA, Illinois, Chicago, Michigan Avenue, walk, city streets",Chicago 1,"Michigan Avenue / Avenue Michigan , Chicago, Illinois",,Walk,Chicago,US - IL - CHICAGO 1,,16/09/2022,YIFei,
USA,Illinois,"Chicago 2, To the Art Institute","USA, Illinois, Chicago, Art Institute, walk, city streets",Chicago 2,"To the Art Institute, Chicago, Illinois /  Vers l'Institut d'Art,  Chicago, Illinois",,Walk,Chicago,US - IL - CHICAGO 2,,22/09/2022,YIFei,
USA,New York,Broadway NYC,"USA, New York State, New York City, Broadway, streets, architecture, downtown",Broadway NYC,"Broadway, New York City",,Walk,New York City,,,10/04/2024,David Serber,
USA,Washington,Green Lake 1,"USA, Washington State, park, trail, hike, trees, forest, summer",Green Lake 1,"Green Lake 1, Seattle, Washington, USA / Lac Green n.1, Seattle, Washington, États-Unis",,Walk,,US - WA - GREEN LAKE 1,10,04/05/2022,Isaac,
USA,Washington,Green Lake 2,"USA, Washington State, park, trail, hike, trees, forest, summer",Green Lake 2,"Green Lake 2, Seattle, Washington, USA / Lac Green n.2, Seattle, Washington, États-Unis",,Walk,,US - WA - GREEN LAKE 2,11,04/05/2022,Isaac,
USA,Washington,Mt St Helens 1,"USA, Washington State, park, trail, hike, trees, forest, summer",Mount St Helens 1,"Mount St Helens 1, Washington, USA / Mont St Helens n.1, Washington, États-Unis",,Walk,,US - WA - MOUNT ST HELENS 1,46,04/05/2022,Isaac,
USA,Washington,Mt St Helens 2,"USA, Washington State, park, trail, hike, trees, forest, summer",Mount St Helens 2,"Mount St Helens 2, Washington, USA / Mont St Helens n.2, Washington, États-Unis",,Walk,,US - WA - MOUNT ST HELENS 2,47,04/05/2022,Isaac,
USA,Washington,Seattle Pike Place,"USA, Washington State, Seattle, Pike Place, walk",Pike Place,"Pike Place, Seattle, Washington, USA / Place Pike, Seattle, Washington, États-Unis",,Walk,Seattle,US - WA - SEATTLE PIKE PLACE,79,04/05/2022,Isaac,
USA,Washington,Seattle Waterfront 1,"USA, Washington State, Seattle, park, summer",Seattle 1,"Seattle Waterfront 1, Washington, USA / Au bord de la mer n.1, Seattle, Washington, États-Unis",,Walk,Seattle,US - WA - SEATTLE WATERFRONT 1,81,04/05/2022,Isaac,
USA,Washington,Seattle Waterfront 2,"USA, Washington State, Seattle, park, summer",Seattle 2,"Seattle Waterfront 2, Washington, USA / Au bord de la mer n.2, Seattle, Washington, États-Unis",,Walk,Seattle,US - WA - SEATTLE WATERFRONT 2,83,04/05/2022,Isaac,
USA,Washington,Seattle Waterfront 3,"USA, Washington State, Seattle, park, summer",Seattle 3,"Seattle Waterfront 3, Washington, USA / Au bord de la mer n.3, Seattle, Washington, États-Unis",,Walk,Seattle,US - WA - SEATTLE WATERFRONT 3,!!!,04/05/2022,Isaac,
USA,Washington,Tumwater Falls 1,"USA, Washington State, park, trail, hike, trees, forest, summer",Tumwater Falls 1,"Tumwater Falls 1, Washington, USA / Les chutes Tumwater, n.1, Washington, États-Unis",,Walk,,US - WA - TUMWATER FALLS 1,77,04/05/2022,Isaac,
USA,Washington,Tumwater Falls 2,"USA, Washington State, park, trail, hike, trees, forest, summer",Tumwater Falls 2,"Tumwater Falls 2, Washington, USA / Les chutes Tumwater, n.2, Washington, États-Unis",,Walk,,US - WA - TUMWATER FALLS 2,78,04/05/2022,Isaac,
USA,New York,"Washington Square Park, NYC","USA, New York, park, architecture, city, summer, buskers, mime, fountain, landmark","Washington Square Park, NYC","Washington Square Park, New York City",,Walk,New York City,,,10/04/2024,David Serber,